INPUT|R|A0 M0|None|None|None|None|OUTPUT
INPUT|R|A1 M1|None|None|None|None|OUTPUT
INPUT|R|A2 M2|None|None|None|None|OUTPUT
INPUT|R|A3 M3|None|None|None|None|OUTPUT
INPUT|R|A4 M4|None|None|None|None|OUTPUT
INPUT|R|A5 M5|None|None|None|None|OUTPUT
INPUT|R|A6 M6|None|None|None|None|OUTPUT
INPUT|R|A7 M7|None|None|None|None|OUTPUT
INPUT|R|A8 M8|None|None|None|None|OUTPUT
INPUT|R|A9 M9|None|None|None|None|OUTPUT
INPUT|R|A10 M10|None|None|None|None|OUTPUT
INPUT|R|A11 M11|None|None|None|None|OUTPUT
INPUT|R|A12 M12|None|None|None|None|OUTPUT
INPUT|R|A13 M13|None|None|None|None|OUTPUT
INPUT|R|A14 M14|None|None|None|None|OUTPUT
INPUT|R|A15 M15|None|None|None|None|OUTPUT
