INPUT|cs211user12-ulab-0|U|1632337154|cs211user12|/home/CS211user12|cat instructions.txt|OUTPUT
INPUT|CS211user12-ulab-1|U|1632337154|cs211user12|/home/CS211user12|cat task`1|OUTPUT
INPUT|CS211user12-ulab-2|U|1632337157|cs211user12|/home/CS211user12|cat task`1|OUTPUT
INPUT|CS211user12-ulab-3|U|1632337161|cs211user12|/home/CS211user12||OUTPUT
INPUT|CS211user12-ulab-4|M0|1632337169|cs211user12|/home/CS211user12|pwd|OUTPUT
INPUT|CS211user12-ulab-5|U|1632337206|cs211user12|/home/CS211user12|cat task2|OUTPUT
INPUT|CS211user12-ulab-6|M1|1632337241|cs211user12|/home/CS211user12|man pwd|OUTPUT
INPUT|CS211user12-ulab-7|U|1632337241|cs211user12|/home/CS211user12| (END) (press h for help or q to quit)K|OUTPUT
INPUT|CS211user12-ulab-8|M2|1632337242|cs211user12|/home/CS211user12|ls|OUTPUT
INPUT|CS211user12-ulab-9|M6|1632337247|cs211user12|/home/CS211user12|ls -a|OUTPUT
INPUT|CS211user12-ulab-10|M2|1632337249|cs211user12|/home/CS211user12|ls|OUTPUT
INPUT|CS211user12-ulab-11|U|1632337317|cs211user12|/home/CS211user12|man cat|OUTPUT
INPUT|CS211user12-ulab-12|U|1632337322|cs211user12|/home/CS211user12|cat task3r help or q to quit)|OUTPUT
INPUT|CS211user12-ulab-13|U|1632337330|cs211user12|/home/CS211user12|cat task4|OUTPUT
INPUT|CS211user12-ulab-14|M3|1632337396|cs211user12|/home/CS211user12|$ man ls|OUTPUT
INPUT|CS211user12-ulab-15|M3|1632337429|cs211user12|/home/CS211user12|man ls(press h for help or q to quit)|OUTPUT
INPUT|CS211user12-ulab-16|M4|1632337431|cs211user12|/home/CS211user12|ls -lh for help or q to quit)|OUTPUT
INPUT|CS211user12-ulab-17|M6|1632337449|cs211user12|/home/CS211user12|ls -a|OUTPUT
INPUT|CS211user12-ulab-18|M8|1632337451|cs211user12|/home/CS211user12|ls -a -l|OUTPUT
INPUT|CS211user12-ulab-19|M4|1632337515|cs211user12|/home/CS211user12|ls -l|OUTPUT
INPUT|CS211user12-ulab-20|M6|1632337538|cs211user12|/home/CS211user12|ls -a|OUTPUT
INPUT|CS211user12-ulab-21|M8|1632337541|cs211user12|/home/CS211user12|ls -a -l|OUTPUT
INPUT|CS211user12-ulab-22|M2|1632337567|cs211user12|/home/CS211user12|ls view|OUTPUT
INPUT|CS211user12-ulab-23|M5|1632337570|cs211user12|/home/CS211user12|cd view|OUTPUT
INPUT|CS211user12-ulab-24|M6|1632337572|cs211user12|/home/CS211user12/view|ls -a|OUTPUT
INPUT|CS211user12-ulab-25|M7|1632337585|cs211user12|/home/CS211user12/view|cd ..|OUTPUT
INPUT|CS211user12-ulab-26|M7|1632337610|cs211user12|/home/CS211user12|cd ..|OUTPUT
INPUT|CS211user12-ulab-27|M7|1632337619|cs211user12|/home|cd ..|OUTPUT
INPUT|CS211user12-ulab-28|M7|1632337621|cs211user12|/|cd ..|OUTPUT
INPUT|CS211user12-ulab-29|M2|1632337643|cs211user12|/|ls|OUTPUT
INPUT|CS211user12-ulab-30|M7|1632337646|cs211user12|/|cd ..|OUTPUT
INPUT|CS211user12-ulab-31|U|1632337689|cs211user12|/|cd home|OUTPUT
INPUT|CS211user12-ulab-32|M8|1632337695|cs211user12|/home|ls -a -l|OUTPUT
INPUT|CS211user12-ulab-33|M4|1632337707|cs211user12|/home|ls -l|OUTPUT
INPUT|CS211user12-ulab-34|M8|1632337710|cs211user12|/home|ls -l -a|OUTPUT
INPUT|CS211user12-ulab-35|M7|1632337751|cs211user12|/home|cd ..|OUTPUT
INPUT|CS211user12-ulab-36|M2|1632337754|cs211user12|/|ls|OUTPUT
INPUT|CS211user12-ulab-37|M3|1632337843|cs211user12|/|man ls|OUTPUT
INPUT|CS211user12-ulab-38|U|1632337856|cs211user12|/|cat task8ess h for help or q to quit)|OUTPUT
INPUT|CS211user12-ulab-39|U|1632337860|cs211user12|/|cd home|OUTPUT
INPUT|CS211user12-ulab-40|U|1632337863|cs211user12|/home|cat task9|OUTPUT
INPUT|CS211user12-ulab-41|M7|1632337867|cs211user12|/home|cd ..|OUTPUT
INPUT|CS211user12-ulab-42|U|1632337879|cs211user12|/|cd root|OUTPUT
INPUT|CS211user12-ulab-43|U|1632337884|cs211user12|/|cd files|OUTPUT
INPUT|CS211user12-ulab-44|M2|1632337885|cs211user12|/files|ls|OUTPUT
INPUT|CS211user12-ulab-45|U|1632337888|cs211user12|/files|cat task9|OUTPUT
INPUT|CS211user12-ulab-46|M2|1632337907|cs211user12|/files|ls|OUTPUT
INPUT|CS211user12-ulab-47|U|1632337911|cs211user12|/files|cd manioulate|OUTPUT
INPUT|CS211user12-ulab-48|U|1632337914|cs211user12|/files|cd manipulate|OUTPUT
INPUT|CS211user12-ulab-49|M2|1632337916|cs211user12|/files/manipulate|ls|OUTPUT
INPUT|CS211user12-ulab-50|U|1632337922|cs211user12|/files/manipulate|man mv|OUTPUT
INPUT|CS211user12-ulab-51|U|1632338058|cs211user12|/files/manipulate|man mv quit)|OUTPUT
INPUT|CS211user12-ulab-52|U|1632338085|cs211user12|/files/manipulate|mv -T file1.txt renamed_file1.txt|OUTPUT
INPUT|CS211user12-ulab-53|U|1632338092|cs211user12|/files/manipulate|mv -T file1.txt renamed_file1.txt sudo|OUTPUT
INPUT|CS211user12-ulab-54|U|1632338115|cs211user12|/files/manipulate|mv -T file1.txt renamed_file1.txt|OUTPUT
INPUT|CS211user12-ulab-55|U|1632338189|cs211user12|/files/manipulate|man mv|OUTPUT
INPUT|CS211user12-ulab-56|M9|1632338209|cs211user12|/files/manipulate|mv file1.txt renamed_file1.txt|OUTPUT
INPUT|CS211user12-ulab-57|M9|1632338233|cs211user12|/files/manipulate|mv file1.txt renamed_file1.txt|OUTPUT
INPUT|CS211user12-ulab-58|U|1632338271|cs211user12|/files/manipulate|man mv|OUTPUT
INPUT|CS211user12-ulab-59|U|1632338278|cs211user12|/files/manipulate|mv -T file1.txt renamed_file1.txt|OUTPUT
INPUT|CS211user12-ulab-60|U|1632338283|cs211user12|/files/manipulate|mv -f file1.txt renamed_file1.txt|OUTPUT
INPUT|CS211user12-ulab-61|M9|1632338295|cs211user12|/files/manipulate|mv file1.txt renamed_file1.txt -T|OUTPUT
INPUT|CS211user12-ulab-62|M9|1632338297|cs211user12|/files/manipulate|mv file1.txt renamed_file1.txt -f|OUTPUT
INPUT|CS211user12-ulab-63|U|1632338332|cs211user12|/files/manipulate|man mv|OUTPUT
INPUT|CS211user12-ulab-64|M7|1632338334|cs211user12|/files/manipulate|cd ..o quit)|OUTPUT
INPUT|CS211user12-ulab-65|U|1632338338|cs211user12|/files|cd .|OUTPUT
INPUT|CS211user12-ulab-66|M7|1632338340|cs211user12|/files|cd ..|OUTPUT
INPUT|CS211user12-ulab-67|M2|1632338342|cs211user12|/|ls home|OUTPUT
INPUT|CS211user12-ulab-68|U|1632338344|cs211user12|/|cd home|OUTPUT
INPUT|CS211user12-ulab-69|M6|1632338346|cs211user12|/home|ls -a|OUTPUT
INPUT|CS211user12-ulab-70|M8|1632338348|cs211user12|/home|ls -a -l|OUTPUT
INPUT|CS211user12-ulab-71|U|1632338400|cs211user12|/home|cd files|OUTPUT
INPUT|CS211user12-ulab-72|U|1632338403|cs211user12|/home|..|OUTPUT
INPUT|CS211user12-ulab-73|M7|1632338404|cs211user12|/home|cd ..|OUTPUT
INPUT|CS211user12-ulab-74|U|1632338406|cs211user12|/|cd files|OUTPUT
INPUT|CS211user12-ulab-75|U|1632338409|cs211user12|/files|cat task10|OUTPUT
INPUT|CS211user12-ulab-76|M2|1632338411|cs211user12|/files|ls|OUTPUT
INPUT|CS211user12-ulab-77|U|1632338424|cs211user12|/files|cd manipulate|OUTPUT
INPUT|CS211user12-ulab-78|U|1632338429|cs211user12|/files/manipulate|manflag|OUTPUT
INPUT|CS211user12-ulab-79|M7|1632338443|cs211user12|/files/manipulate|cd ..|OUTPUT
INPUT|CS211user12-ulab-80|M2|1632338445|cs211user12|/files|ls|OUTPUT
INPUT|CS211user12-ulab-81|M7|1632338450|cs211user12|/files|cd ..|OUTPUT
INPUT|CS211user12-ulab-82|M2|1632338451|cs211user12|/|ls|OUTPUT
INPUT|CS211user12-ulab-83|U|1632338453|cs211user12|/|cd files|OUTPUT
INPUT|CS211user12-ulab-84|M2|1632338454|cs211user12|/files|ls|OUTPUT
INPUT|CS211user12-ulab-85|U|1632338462|cs211user12|/files|cat task9|OUTPUT
INPUT|CS211user12-ulab-86|U|1632338469|cs211user12|/files|cd manipulate|OUTPUT
INPUT|CS211user12-ulab-87|M9|1632338490|cs211user12|/files/manipulate|mv file1.txt renamed_file1.txt|OUTPUT
INPUT|CS211user12-ulab-88|U|1632338558|cs211user12|/files/manipulate|man mv|OUTPUT
INPUT|CS211user12-ulab-89|U|1632338577|cs211user12|/files/manipulate|man mv quit)|OUTPUT
INPUT|CS211user12-ulab-90|M9|1632338579|cs211user12|/files/manipulate|mv file1.txt renamed_file1.txt|OUTPUT
INPUT|CS211user12-ulab-91|M4|1632338633|cs211user12|/files/manipulate|ls -l|OUTPUT
INPUT|CS211user12-ulab-92|M8|1632338652|cs211user12|/files/manipulate|ls -a -l|OUTPUT
INPUT|CS211user12-ulab-93|U|1632338691|cs211user12|/files/manipulate|mv file1.txt ../|OUTPUT
INPUT|CS211user12-ulab-94|U|1632338710|cs211user12|/files/manipulate|cp file1.txt ../home|OUTPUT
INPUT|CS211user12-ulab-95|U|1632338719|cs211user12|/files/manipulate|cp file1.txt ../|OUTPUT
INPUT|CS211user12-ulab-96|U|1632338730|cs211user12|/files/manipulate|cp file1.txt ../..|OUTPUT
INPUT|CS211user12-ulab-97|M8|1632338739|cs211user12|/files/manipulate|ls -a -l|OUTPUT
INPUT|CS211user12-ulab-98|U|1632338745|cs211user12|/files/manipulate|cd .|OUTPUT
INPUT|CS211user12-ulab-99|M7|1632338747|cs211user12|/files/manipulate|cd ..|OUTPUT
INPUT|CS211user12-ulab-100|M8|1632338750|cs211user12|/files|ls -la|OUTPUT
INPUT|CS211user12-ulab-101|M7|1632338761|cs211user12|/files|cd ..|OUTPUT
INPUT|CS211user12-ulab-102|M8|1632338763|cs211user12|/|ls -la|OUTPUT
INPUT|CS211user12-ulab-103|U|1632338786|cs211user12|/|cd files|OUTPUT
INPUT|CS211user12-ulab-104|U|1632338789|cs211user12|/files|cd manipulate|OUTPUT
INPUT|CS211user12-ulab-105|U|1632338802|cs211user12|/files/manipulate|cp file1.txt /home/CS211user12|OUTPUT
INPUT|CS211user12-ulab-106|M2|1632338804|cs211user12|/files/manipulate|ls|OUTPUT
INPUT|CS211user12-ulab-107|M7|1632338812|cs211user12|/files/manipulate|cd ..|OUTPUT
INPUT|CS211user12-ulab-108|U|1632338813|cs211user12|/files|cd..|OUTPUT
INPUT|CS211user12-ulab-109|M7|1632338815|cs211user12|/files|cd ..|OUTPUT
INPUT|CS211user12-ulab-110|U|1632338820|cs211user12|/|cd home|OUTPUT
INPUT|CS211user12-ulab-111|M2|1632338821|cs211user12|/home|ls|OUTPUT
INPUT|CS211user12-ulab-112|U|1632338829|cs211user12|/home|cd CS211user21|OUTPUT
INPUT|CS211user12-ulab-113|M7|1632338832|cs211user12|/home/CS211user21|cd ..|OUTPUT
INPUT|CS211user12-ulab-114|U|1632338835|cs211user12|/home|cd CS211user12|OUTPUT
INPUT|CS211user12-ulab-115|M2|1632338835|cs211user12|/home/CS211user12|ls|OUTPUT
INPUT|CS211user12-ulab-116|U|1632338838|cs211user12|/home/CS211user12|cd home|OUTPUT
INPUT|CS211user12-ulab-117|U|1632338840|cs211user12|/home/CS211user12|cd CS211user12|OUTPUT
INPUT|CS211user12-ulab-118|U|1632338849|cs211user12|/home/CS211user12|cd home|OUTPUT
INPUT|CS211user12-ulab-119|U|1632338857|cs211user12|/home/CS211user12|cd /|OUTPUT
INPUT|CS211user12-ulab-120|U|1632338858|cs211user12|/|cd home|OUTPUT
INPUT|CS211user12-ulab-121|U|1632338861|cs211user12|/home|cd CS211user12|OUTPUT
INPUT|CS211user12-ulab-122|M2|1632338863|cs211user12|/home/CS211user12|ls|OUTPUT
INPUT|CS211user12-ulab-123|M9|1632338887|cs211user12|/home/CS211user12|mv file1.txt renamed_file1.txt|OUTPUT
INPUT|CS211user12-ulab-124|U|1632338919|cs211user12|/home/CS211user12|mv renamed_file1.txt /files/manipulate|OUTPUT
INPUT|CS211user12-ulab-125|M2|1632338926|cs211user12|/home/CS211user12|ls|OUTPUT
INPUT|CS211user12-ulab-126|U|1632338934|cs211user12|/home/CS211user12|mv renamed_file1.txt /manipulate|OUTPUT
INPUT|CS211user12-ulab-127|M2|1632338941|cs211user12|/home/CS211user12|ls manipulate|OUTPUT
INPUT|CS211user12-ulab-128|U|1632338962|cs211user12|/home/CS211user12|cd manipulate|OUTPUT
INPUT|CS211user12-ulab-129|U|1632338971|cs211user12|/home/CS211user12/manipulate|man cp|OUTPUT
INPUT|CS211user12-ulab-130|M10|1632338995|cs211user12|/home/CS211user12/manipulate|cp file2.txt copied_file2.txt|OUTPUT
INPUT|CS211user12-ulab-131|M2|1632338997|cs211user12|/home/CS211user12/manipulate|ls|OUTPUT
INPUT|CS211user12-ulab-132|U|1632339012|cs211user12|/home/CS211user12/manipulate|manflag|OUTPUT
INPUT|CS211user12-ulab-133|U|1632339056|cs211user12|/home/CS211user12/manipulate|man mv|OUTPUT
INPUT|CS211user12-ulab-134|M2|1632339062|cs211user12|/home/CS211user12/manipulate|ls|OUTPUT
INPUT|CS211user12-ulab-135|M7|1632339065|cs211user12|/home/CS211user12/manipulate|cd ..|OUTPUT
INPUT|CS211user12-ulab-136|U|1632339071|cs211user12|/home/CS211user12|cd home|OUTPUT
INPUT|CS211user12-ulab-137|M2|1632339074|cs211user12|/home/CS211user12|ls|OUTPUT
INPUT|CS211user12-ulab-138|M7|1632339077|cs211user12|/home/CS211user12|cd ..|OUTPUT
INPUT|CS211user12-ulab-139|M2|1632339079|cs211user12|/home|ls|OUTPUT
INPUT|CS211user12-ulab-140|U|1632339085|cs211user12|/home|cd CS211user12|OUTPUT
INPUT|CS211user12-ulab-141|M2|1632339086|cs211user12|/home/CS211user12|ls|OUTPUT
INPUT|CS211user12-ulab-142|U|1632339138|cs211user12|/home/CS211user12|mv -f renamed_file1.txt /manipulate|OUTPUT
INPUT|CS211user12-ulab-143|M2|1632339141|cs211user12|/home/CS211user12|ls manipulate|OUTPUT
INPUT|CS211user12-ulab-144|U|1632339150|cs211user12|/home/CS211user12|mv -f renamed_file1.txt /manipulate|OUTPUT
INPUT|CS211user12-ulab-145|U|1632339282|cs211user12|/home/CS211user12|man mv|OUTPUT
INPUT|CS211user12-ulab-146|U|1632339292|cs211user12|/home/CS211user12|mv -T renamed_file1.txt /manipulate|OUTPUT
INPUT|CS211user12-ulab-147|U|1632339305|cs211user12|/home/CS211user12|mv -T file1.txt renamedfile1.txt|OUTPUT
INPUT|CS211user12-ulab-148|U|1632339311|cs211user12|/home/CS211user12|cd manipulate|OUTPUT
INPUT|CS211user12-ulab-149|U|1632339313|cs211user12|/home/CS211user12/manipulate|mv -T file1.txt renamedfile1.txt|OUTPUT
INPUT|CS211user12-ulab-150|M2|1632339316|cs211user12|/home/CS211user12/manipulate|ls|OUTPUT
INPUT|CS211user12-ulab-151|U|1632339322|cs211user12|/home/CS211user12/manipulate|manflag|OUTPUT
INPUT|CS211user12-ulab-152|U|1632339360|cs211user12|/home/CS211user12/manipulate|manflag|OUTPUT
INPUT|CS211user12-ulab-153|M4|1632339375|cs211user12|/home/CS211user12/manipulate|ls -l|OUTPUT
INPUT|CS211user12-ulab-154|U|1632339444|cs211user12|/home/CS211user12/manipulate|man sort|OUTPUT
INPUT|CS211user12-ulab-156|M2|1632339453|cs211user12|/home/CS211user12/manipulate|ls|OUTPUT
INPUT|CS211user12-ulab-157|U|1632339470|cs211user12|/home/CS211user12/manipulate|man sort|OUTPUT
INPUT|CS211user12-ulab-159|U|1632339477|cs211user12|/home/CS211user12/manipulate|manflag|OUTPUT
INPUT|CS211user12-ulab-160|U|1632339495|cs211user12|/home/CS211user12/manipulate|mv -T renamedfile1.txt renamed_file1.txt|OUTPUT
INPUT|CS211user12-ulab-161|M2|1632339497|cs211user12|/home/CS211user12/manipulate|ls|OUTPUT
INPUT|CS211user12-ulab-162|U|1632339499|cs211user12|/home/CS211user12/manipulate|manflag|OUTPUT
INPUT|CS211user12-ulab-163|M7|1632339575|cs211user12|/home/CS211user12/manipulate|cd ..|OUTPUT
INPUT|CS211user12-ulab-164|M2|1632339575|cs211user12|/home/CS211user12|ls|OUTPUT
INPUT|CS211user12-ulab-165|M7|1632339577|cs211user12|/home/CS211user12|cd ..|OUTPUT
INPUT|CS211user12-ulab-166|M8|1632339580|cs211user12|/home|ls -la|OUTPUT
INPUT|CS211user12-ulab-167|M2|1632339631|cs211user12|/home|ls|OUTPUT
INPUT|CS211user12-ulab-168|M7|1632339633|cs211user12|/home|cd ..|OUTPUT
INPUT|CS211user12-ulab-169|M2|1632339634|cs211user12|/|ls|OUTPUT
INPUT|CS211user12-ulab-170|M7|1632339637|cs211user12|/|cd ..|OUTPUT
INPUT|CS211user12-ulab-171|U|1632339641|cs211user12|/|cd home|OUTPUT
INPUT|CS211user12-ulab-172|M2|1632339642|cs211user12|/home|ls|OUTPUT
INPUT|CS211user12-ulab-173|U|1632339650|cs211user12|/home|cd CS211user12|OUTPUT
INPUT|CS211user12-ulab-174|M2|1632339651|cs211user12|/home/CS211user12|ls|OUTPUT
INPUT|CS211user12-ulab-175|U|1632339657|cs211user12|/home/CS211user12|cd permissions|OUTPUT
INPUT|CS211user12-ulab-176|U|1632339662|cs211user12|/home/CS211user12/permissions|perflag|OUTPUT
INPUT|CS211user12-ulab-177|M2|1632339673|cs211user12|/home/CS211user12/permissions|ls|OUTPUT
INPUT|CS211user12-ulab-178|U|1632339688|cs211user12|/home/CS211user12/permissions|cp perm1.txt copied_perm1.txt|OUTPUT
INPUT|CS211user12-ulab-179|M2|1632339689|cs211user12|/home/CS211user12/permissions|ls|OUTPUT
INPUT|CS211user12-ulab-180|U|1632339700|cs211user12|/home/CS211user12/permissions|cd perm2.txt copied_perm2.txt|OUTPUT
INPUT|CS211user12-ulab-181|U|1632339719|cs211user12|/home/CS211user12/permissions|cp perm2.txt copied_perm2.txt|OUTPUT
INPUT|CS211user12-ulab-182|M2|1632339720|cs211user12|/home/CS211user12/permissions|ls|OUTPUT
INPUT|CS211user12-ulab-183|U|1632339731|cs211user12|/home/CS211user12/permissions|perflag|OUTPUT
INPUT|CS211user12-ulab-184|U|1632339734|cs211user12|/home/CS211user12/permissions|chmod|OUTPUT
INPUT|CS211user12-ulab-185|U|1632339741|cs211user12|/home/CS211user12/permissions|man chmod|OUTPUT
INPUT|CS211user12-ulab-186|U|1632339759|cs211user12|/home/CS211user12/permissions|cat task10q to quit)|OUTPUT
INPUT|CS211user12-ulab-187|U|1632340012|cs211user12|/home/CS211user12/permissions|chmod copied_perm1.txt +rw|OUTPUT
INPUT|CS211user12-ulab-188|M2|1632340016|cs211user12|/home/CS211user12/permissions|0m$ ls|OUTPUT
INPUT|CS211user12-ulab-189|U|1632340031|cs211user12|/home/CS211user12/permissions|chmod +rw copied_perm1.txt|OUTPUT
INPUT|CS211user12-ulab-190|M8|1632340064|cs211user12|/home/CS211user12/permissions|ls -la|OUTPUT
INPUT|CS211user12-ulab-191|U|1632340097|cs211user12|/home/CS211user12/permissions|chmod g+w copied_perm1.txt|OUTPUT
INPUT|CS211user12-ulab-192|U|1632340114|cs211user12|/home/CS211user12/permissions|chmod u-w copied_perm1.txt|OUTPUT
INPUT|CS211user12-ulab-193|M8|1632340116|cs211user12|/home/CS211user12/permissions|ls -la|OUTPUT
INPUT|CS211user12-ulab-194|U|1632340127|cs211user12|/home/CS211user12/permissions|chmod u-r copied_perm1.txt|OUTPUT
INPUT|CS211user12-ulab-195|M8|1632340130|cs211user12|/home/CS211user12/permissions|ls -la|OUTPUT
INPUT|CS211user12-ulab-196|U|1632340144|cs211user12|/home/CS211user12/permissions|chmod g+r copied_perm1.txt|OUTPUT
INPUT|CS211user12-ulab-197|M8|1632340146|cs211user12|/home/CS211user12/permissions|ls -la|OUTPUT
INPUT|CS211user12-ulab-198|U|1632340155|cs211user12|/home/CS211user12/permissions|chmod g+rw copied_perm1.txt|OUTPUT
INPUT|CS211user12-ulab-199|M8|1632340157|cs211user12|/home/CS211user12/permissions|ls -la|OUTPUT
INPUT|CS211user12-ulab-200|U|1632340203|cs211user12|/home/CS211user12/permissions|chmod +rwx copied_perm2.txt|OUTPUT
INPUT|CS211user12-ulab-201|M8|1632340205|cs211user12|/home/CS211user12/permissions|ls -la|OUTPUT
INPUT|CS211user12-ulab-202|U|1632340229|cs211user12|/home/CS211user12/permissions|chmod g+rw copied_perm2.txt|OUTPUT
INPUT|CS211user12-ulab-203|U|1632340241|cs211user12|/home/CS211user12/permissions|chmod u+r copied_perm2.txt|OUTPUT
INPUT|CS211user12-ulab-204|M8|1632340242|cs211user12|/home/CS211user12/permissions|ls -la|OUTPUT
INPUT|CS211user12-ulab-205|U|1632340419|cs211user12|/home/CS211user12/permissions|chmod u-wx copied_perm2.txt|OUTPUT
INPUT|CS211user12-ulab-206|M8|1632340421|cs211user12|/home/CS211user12/permissions|ls -la|OUTPUT
INPUT|CS211user12-ulab-207|U|1632340494|cs211user12|/home/CS211user12/permissions|chmod o+rwx copied_perm2.txt|OUTPUT
INPUT|CS211user12-ulab-208|U|1632340506|cs211user12|/home/CS211user12/permissions|chmod u-x copied_perm2.txt|OUTPUT
INPUT|CS211user12-ulab-209|M8|1632340507|cs211user12|/home/CS211user12/permissions|ls -la|OUTPUT
INPUT|CS211user12-ulab-210|U|1632340571|cs211user12|/home/CS211user12/permissions|chmod -x copied_perm2.txt|OUTPUT
INPUT|CS211user12-ulab-211|M8|1632340573|cs211user12|/home/CS211user12/permissions|ls -la|OUTPUT
INPUT|CS211user12-ulab-212|U|1632340593|cs211user12|/home/CS211user12/permissions|chmod o+x copied_perm2.txt|OUTPUT
INPUT|CS211user12-ulab-213|M8|1632340595|cs211user12|/home/CS211user12/permissions|ls -la|OUTPUT
INPUT|CS211user12-ulab-214|U|1632340614|cs211user12|/home/CS211user12/permissions|chmod o+w copied_perm1.txt|OUTPUT
INPUT|CS211user12-ulab-215|M8|1632340616|cs211user12|/home/CS211user12/permissions|ls -la|OUTPUT
INPUT|CS211user12-ulab-216|U|1632340623|cs211user12|/home/CS211user12/permissions|perflag|OUTPUT
INPUT|CS211user12-ulab-217|M8|1632340647|cs211user12|/home/CS211user12/permissions|ls -la|OUTPUT
INPUT|CS211user12-ulab-218|M11|1632340847|cs211user12|/home/CS211user12/permissions|chmod 660 copied_perm1.txt|OUTPUT
INPUT|CS211user12-ulab-219|M12|1632340866|cs211user12|/home/CS211user12/permissions|chmod 764 copied_perm2.txt|OUTPUT
INPUT|CS211user12-ulab-220|M8|1632340867|cs211user12|/home/CS211user12/permissions|ls -la|OUTPUT
INPUT|CS211user12-ulab-221|U|1632340874|cs211user12|/home/CS211user12/permissions|perflag|OUTPUT
INPUT|CS211user12-ulab-222|U|1632340985|cs211user12|/home/CS211user12/permissions|quit|OUTPUT
