INPUT|CS211user15-ulab-0|M0|1632337070|cs211user15|/home/CS211user15|pwd|OUTPUT
INPUT|CS211user15-ulab-1|M0|1632337091|cs211user15|/home/CS211user15|pwd|OUTPUT
INPUT|CS211user15-ulab-2|M2|1632337092|cs211user15|/home/CS211user15|ls|OUTPUT
INPUT|CS211user15-ulab-3|M7|1632337093|cs211user15|/home/CS211user15|cd ..|OUTPUT
INPUT|CS211user15-ulab-4|M2|1632337095|cs211user15|/home|ls|OUTPUT
INPUT|CS211user15-ulab-5|U|1632337138|cs211user15|/home|cd cs211user15|OUTPUT
INPUT|CS211user15-ulab-6|U|1632337148|cs211user15|/home|cd CS211user15|OUTPUT
INPUT|CS211user15-ulab-7|M2|1632337151|cs211user15|/home/CS211user15|ls|OUTPUT
INPUT|CS211user15-ulab-8|M4|1632337201|cs211user15|/home/CS211user15|ls -l|OUTPUT
INPUT|CS211user15-ulab-9|M5|1632337267|cs211user15|/home/CS211user15|cd view|OUTPUT
INPUT|CS211user15-ulab-10|M2|1632337268|cs211user15|/home/CS211user15/view|ls|OUTPUT
INPUT|CS211user15-ulab-11|M2|1632337279|cs211user15|/home/CS211user15/view|ls -f|OUTPUT
INPUT|CS211user15-ulab-12|M3|1632337321|cs211user15|/home/CS211user15/view|man ls|OUTPUT
INPUT|CS211user15-ulab-13|M6|1632337323|cs211user15|/home/CS211user15/view|ls -ahelp or q to quit)|OUTPUT
INPUT|CS211user15-ulab-14|M7|1632337337|cs211user15|/home/CS211user15/view|cd ..|OUTPUT
INPUT|CS211user15-ulab-15|U|1632337339|cs211user15|/home/CS211user15|pws|OUTPUT
INPUT|CS211user15-ulab-16|M0|1632337340|cs211user15|/home/CS211user15|pwd|OUTPUT
INPUT|CS211user15-ulab-17|M4|1632337349|cs211user15|/home/CS211user15|ls -l|OUTPUT
INPUT|CS211user15-ulab-18|M2|1632337351|cs211user15|/home/CS211user15|ls -f|OUTPUT
INPUT|CS211user15-ulab-19|M6|1632337375|cs211user15|/home/CS211user15|ls -a|OUTPUT
INPUT|CS211user15-ulab-20|M8|1632337380|cs211user15|/home/CS211user15|ls -a -l|OUTPUT
INPUT|CS211user15-ulab-21|U|1632337420|cs211user15|/home/CS211user15|cd manipulate/|OUTPUT
INPUT|CS211user15-ulab-22|U|1632337423|cs211user15|/home/CS211user15/manipulate|manflag|OUTPUT
INPUT|CS211user15-ulab-23|M2|1632337455|cs211user15|/home/CS211user15/manipulate|lss|OUTPUT
INPUT|CS211user15-ulab-24|M2|1632337455|cs211user15|/home/CS211user15/manipulate|ls|OUTPUT
INPUT|CS211user15-ulab-25|M9|1632337517|cs211user15|/home/CS211user15/manipulate|mv file1.txt renamed_file1.txt|OUTPUT
INPUT|CS211user15-ulab-26|M2|1632337518|cs211user15|/home/CS211user15/manipulate|ls|OUTPUT
INPUT|CS211user15-ulab-27|M10|1632337535|cs211user15|/home/CS211user15/manipulate|cp file2.txt copied_file2.txt|OUTPUT
INPUT|CS211user15-ulab-28|M2|1632337535|cs211user15|/home/CS211user15/manipulate|ls|OUTPUT
INPUT|CS211user15-ulab-29|U|1632337543|cs211user15|/home/CS211user15/manipulate|manflag|OUTPUT
INPUT|CS211user15-ulab-30|M7|1632337568|cs211user15|/home/CS211user15/manipulate|cd ..|OUTPUT
INPUT|CS211user15-ulab-31|M2|1632337569|cs211user15|/home/CS211user15|ls|OUTPUT
INPUT|CS211user15-ulab-32|U|1632337571|cs211user15|/home/CS211user15|cd permissions/|OUTPUT
INPUT|CS211user15-ulab-33|U|1632337622|cs211user15|/home/CS211user15/permissions|man chmod|OUTPUT
INPUT|CS211user15-ulab-34|M11|1632337669|cs211user15|/home/CS211user15/permissions|chmod 660 copied_perm1.txt|OUTPUT
INPUT|CS211user15-ulab-35|M2|1632337674|cs211user15|/home/CS211user15/permissions|ls|OUTPUT
INPUT|CS211user15-ulab-36|U|1632337700|cs211user15|/home/CS211user15/permissions|cp perm1.txt copied_perm1.txt|OUTPUT
INPUT|CS211user15-ulab-37|M11|1632337701|cs211user15|/home/CS211user15/permissions|chmod 660 copied_perm1.txt|OUTPUT
INPUT|CS211user15-ulab-38|U|1632337710|cs211user15|/home/CS211user15/permissions|cp perm2.txt copied_perm2.txt|OUTPUT
INPUT|CS211user15-ulab-39|M12|1632337720|cs211user15|/home/CS211user15/permissions|chmod 764 copied_perm2.txt|OUTPUT
INPUT|CS211user15-ulab-40|U|1632337723|cs211user15|/home/CS211user15/permissions|perflag|OUTPUT
INPUT|CS211user15-ulab-41|U|1632338029|cs211user15|/home/CS211user15/permissions|emacs|OUTPUT
INPUT|CS211user15-ulab-42|M3|1632338535|cs211user15|/home/CS211user15/permissions|man ls|OUTPUT
INPUT|CS211user15-ulab-43|M2|1632338538|cs211user15|/home/CS211user15/permissions|ls -1or q to quit)|OUTPUT
INPUT|cs211user15-ulab-0|U|1632448270|cs211user15|/home/CS211user15|cd home|OUTPUT
INPUT|CS211user15-ulab-1|M2|1632448270|cs211user15|/home/CS211user15|ls|OUTPUT
INPUT|CS211user15-ulab-2|U|1632448274|cs211user15|/home/CS211user15|curl http|OUTPUT
INPUT|CS211user15-ulab-3|M2|1632448276|cs211user15|/home/CS211user15|ls|OUTPUT
INPUT|CS211user15-ulab-4|U|1632448400|cs211user15|/home/CS211user15|grep -v ^#|OUTPUT
INPUT|CS211user15-ulab-6|U|1632448430|cs211user15|/home/CS211user15|cat grepme.txt|OUTPUT
