INPUT|cs211user8-ulab-0|M0|1632336864|cs211user8|/home/CS211user8|pwd|OUTPUT
INPUT|CS211user8-ulab-1|M2|1632336864|cs211user8|/home/CS211user8|ls|OUTPUT
INPUT|CS211user8-ulab-2|M3|1632337047|cs211user8|/home/CS211user8|man ls|OUTPUT
INPUT|CS211user8-ulab-3|M2|1632337082|cs211user8|/home/CS211user8|ls .|OUTPUT
INPUT|CS211user8-ulab-4|M2|1632337087|cs211user8|/home/CS211user8|. ls|OUTPUT
INPUT|CS211user8-ulab-5|M2|1632337088|cs211user8|/home/CS211user8|.ls|OUTPUT
INPUT|CS211user8-ulab-6|M3|1632337094|cs211user8|/home/CS211user8|man ls|OUTPUT
INPUT|CS211user8-ulab-7|M6|1632337097|cs211user8|/home/CS211user8|ls -ah for help or q to quit)|OUTPUT
INPUT|CS211user8-ulab-8|U|1632337160|cs211user8|/home/CS211user8|vd view|OUTPUT
INPUT|CS211user8-ulab-9|M5|1632337165|cs211user8|/home/CS211user8|cd view|OUTPUT
INPUT|CS211user8-ulab-10|M6|1632337174|cs211user8|/home/CS211user8/view|ls -a|OUTPUT
INPUT|CS211user8-ulab-11|M2|1632337178|cs211user8|/home/CS211user8/view|ls|OUTPUT
INPUT|CS211user8-ulab-12|M0|1632337203|cs211user8|/home/CS211user8/view|pwd|OUTPUT
INPUT|CS211user8-ulab-13|U|1632337209|cs211user8|/home/CS211user8/view||OUTPUT
INPUT|CS211user8-ulab-14|U|1632337209|cs211user8|/home/CS211user8/view||OUTPUT
INPUT|CS211user8-ulab-15|U|1632337245|cs211user8|/home/CS211user8/view|cd|OUTPUT
INPUT|CS211user8-ulab-16|M0|1632337246|cs211user8|/home/CS211user8|pwd|OUTPUT
INPUT|CS211user8-ulab-17|M6|1632337262|cs211user8|/home/CS211user8|ls -a|OUTPUT
INPUT|CS211user8-ulab-18|M2|1632337277|cs211user8|/home/CS211user8|ls|OUTPUT
INPUT|CS211user8-ulab-19|U|1632337325|cs211user8|/home/CS211user8|cd .|OUTPUT
INPUT|CS211user8-ulab-20|M2|1632337327|cs211user8|/home/CS211user8|ls|OUTPUT
INPUT|CS211user8-ulab-21|M3|1632337351|cs211user8|/home/CS211user8|man ls|OUTPUT
INPUT|CS211user8-ulab-22|M2|1632337358|cs211user8|/home/CS211user8|ls -A -dfor help or q to quit)|OUTPUT
INPUT|CS211user8-ulab-23|M3|1632337373|cs211user8|/home/CS211user8|man ls|OUTPUT
INPUT|CS211user8-ulab-24|U|1632337481|cs211user8|/home/CS211user8|manflagelp or q to quit)|OUTPUT
INPUT|CS211user8-ulab-25|U|1632337527|cs211user8|/home/CS211user8|cd manipulate|OUTPUT
INPUT|CS211user8-ulab-26|U|1632337533|cs211user8|/home/CS211user8/manipulate|manflag|OUTPUT
INPUT|CS211user8-ulab-27|U|1632337541|cs211user8|/home/CS211user8/manipulate|cd|OUTPUT
INPUT|CS211user8-ulab-28|U|1632337551|cs211user8|/home/CS211user8|cd permissions|OUTPUT
INPUT|CS211user8-ulab-29|U|1632337559|cs211user8|/home/CS211user8/permissions|perflag|OUTPUT
INPUT|CS211user8-ulab-30|U|1632337572|cs211user8|/home/CS211user8/permissions|chmod|OUTPUT
INPUT|CS211user8-ulab-31|U|1632337578|cs211user8|/home/CS211user8/permissions|cd|OUTPUT
INPUT|CS211user8-ulab-32|U|1632337581|cs211user8|/home/CS211user8|clear|OUTPUT
INPUT|CS211user8-ulab-33|U|1632337602|cs211user8|/home/CS211user8|cd manipulate|OUTPUT
INPUT|CS211user8-ulab-34|M2|1632337604|cs211user8|/home/CS211user8/manipulate|ls|OUTPUT
INPUT|CS211user8-ulab-35|M9|1632337622|cs211user8|/home/CS211user8/manipulate|mv file1.txt renamed_file1.txt|OUTPUT
INPUT|CS211user8-ulab-36|M2|1632337623|cs211user8|/home/CS211user8/manipulate|ls|OUTPUT
INPUT|CS211user8-ulab-37|M10|1632337642|cs211user8|/home/CS211user8/manipulate|cp file2.txt copied_file2.txt|OUTPUT
INPUT|CS211user8-ulab-38|M2|1632337643|cs211user8|/home/CS211user8/manipulate|ls|OUTPUT
INPUT|CS211user8-ulab-39|U|1632337649|cs211user8|/home/CS211user8/manipulate|manflag|OUTPUT
INPUT|CS211user8-ulab-40|U|1632337668|cs211user8|/home/CS211user8/manipulate|cd|OUTPUT
INPUT|CS211user8-ulab-41|U|1632337672|cs211user8|/home/CS211user8|cd permissions|OUTPUT
INPUT|CS211user8-ulab-42|M2|1632337673|cs211user8|/home/CS211user8/permissions|ls|OUTPUT
INPUT|CS211user8-ulab-43|M2|1632337698|cs211user8|/home/CS211user8/permissions|ls|OUTPUT
INPUT|CS211user8-ulab-44|U|1632337717|cs211user8|/home/CS211user8/permissions|cp perm1.txt copied+perm1.txt|OUTPUT
INPUT|CS211user8-ulab-45|M2|1632337725|cs211user8|/home/CS211user8/permissions|ls|OUTPUT
INPUT|CS211user8-ulab-46|U|1632337734|cs211user8|/home/CS211user8/permissions|rm copied+perm1.txt|OUTPUT
INPUT|CS211user8-ulab-47|M2|1632337735|cs211user8|/home/CS211user8/permissions|ls|OUTPUT
INPUT|CS211user8-ulab-48|U|1632337749|cs211user8|/home/CS211user8/permissions|cp perm1.txt copied_perm1.txt|OUTPUT
INPUT|CS211user8-ulab-49|M2|1632337750|cs211user8|/home/CS211user8/permissions|ls|OUTPUT
INPUT|CS211user8-ulab-50|U|1632337763|cs211user8|/home/CS211user8/permissions|chmod|OUTPUT
INPUT|CS211user8-ulab-51|U|1632337871|cs211user8|/home/CS211user8/permissions|man chmod|OUTPUT
INPUT|CS211user8-ulab-52|U|1632338133|cs211user8|/home/CS211user8/permissions|man chmod|OUTPUT
INPUT|CS211user8-ulab-53|M11|1632338206|cs211user8|/home/CS211user8/permissions|chmod 660 copied_perm1.txt|OUTPUT
INPUT|CS211user8-ulab-54|U|1632338251|cs211user8|/home/CS211user8/permissions|cp perm2.txt copied_perm2.txt|OUTPUT
INPUT|CS211user8-ulab-55|U|1632338270|cs211user8|/home/CS211user8/permissions|chmod rwxrw-r-- copied_perm2.txt|OUTPUT
INPUT|CS211user8-ulab-56|U|1632338281|cs211user8|/home/CS211user8/permissions|0m$ chmod -rwxrw-r-- copied_perm2.txt|OUTPUT
INPUT|CS211user8-ulab-57|U|1632338290|cs211user8|/home/CS211user8/permissions|perflag|OUTPUT
INPUT|CS211user8-ulab-58|M12|1632338310|cs211user8|/home/CS211user8/permissions|chmod 764 copied_perm2.txt|OUTPUT
INPUT|CS211user8-ulab-59|U|1632338313|cs211user8|/home/CS211user8/permissions|perflag|OUTPUT
