INPUT|cs211user6-ulab-0|M0|1632336835|cs211user6|/home/CS211user6|pwd|OUTPUT
INPUT|CS211user6-ulab-1|M2|1632336835|cs211user6|/home/CS211user6|ls|OUTPUT
INPUT|CS211user6-ulab-2|M3|1632336945|cs211user6|/home/CS211user6|man ls|OUTPUT
INPUT|CS211user6-ulab-3|M7|1632336950|cs211user6|/home/CS211user6|cd ..% (press h for help or q to quit)|OUTPUT
INPUT|CS211user6-ulab-4|M2|1632336958|cs211user6|/home|ls|OUTPUT
INPUT|CS211user6-ulab-5|U|1632337011|cs211user6|/home|cd CS211user6|OUTPUT
INPUT|CS211user6-ulab-6|M2|1632337015|cs211user6|/home/CS211user6|ls|OUTPUT
INPUT|CS211user6-ulab-7|M5|1632337038|cs211user6|/home/CS211user6|cd view|OUTPUT
INPUT|CS211user6-ulab-8|M2|1632337041|cs211user6|/home/CS211user6/view|ls|OUTPUT
INPUT|CS211user6-ulab-9|M6|1632337065|cs211user6|/home/CS211user6/view|ls -a|OUTPUT
INPUT|CS211user6-ulab-10|M7|1632337092|cs211user6|/home/CS211user6/view|cd ..|OUTPUT
INPUT|CS211user6-ulab-11|M2|1632337094|cs211user6|/home/CS211user6|ls|OUTPUT
INPUT|CS211user6-ulab-12|M0|1632337102|cs211user6|/home/CS211user6|pwd|OUTPUT
INPUT|CS211user6-ulab-13|M6|1632337127|cs211user6|/home/CS211user6|ls -a|OUTPUT
INPUT|CS211user6-ulab-14|M7|1632337210|cs211user6|/home/CS211user6|cd ..|OUTPUT
INPUT|CS211user6-ulab-15|M6|1632337214|cs211user6|/home|ls -a|OUTPUT
INPUT|CS211user6-ulab-16|U|1632337229|cs211user6|/home|cd CS211user6|OUTPUT
INPUT|CS211user6-ulab-17|M6|1632337243|cs211user6|/home/CS211user6|ls -a|OUTPUT
INPUT|CS211user6-ulab-18|M2|1632337354|cs211user6|/home/CS211user6|find . -type d -iname ".*" -ls|OUTPUT
INPUT|CS211user6-ulab-20|M2|1632337445|cs211user6|/home/CS211user6|ls|OUTPUT
INPUT|CS211user6-ulab-21|U|1632337450|cs211user6|/home/CS211user6|cd manipulate|OUTPUT
INPUT|CS211user6-ulab-22|U|1632337456|cs211user6|/home/CS211user6/manipulate|manflag|OUTPUT
INPUT|CS211user6-ulab-23|U|1632337656|cs211user6|/home/CS211user6/manipulate|man|OUTPUT
INPUT|CS211user6-ulab-24|M7|1632337659|cs211user6|/home/CS211user6/manipulate|cd ..|OUTPUT
INPUT|CS211user6-ulab-25|U|1632337664|cs211user6|/home/CS211user6|cd permissions|OUTPUT
INPUT|CS211user6-ulab-26|U|1632337671|cs211user6|/home/CS211user6/permissions|perflag|OUTPUT
INPUT|CS211user6-ulab-27|M2|1632337720|cs211user6|/home/CS211user6/permissions|ls|OUTPUT
INPUT|CS211user6-ulab-28|U|1632337869|cs211user6|/home/CS211user6/permissions|less task10|OUTPUT
INPUT|CS211user6-ulab-29|M2|1632337877|cs211user6|/home/CS211user6/permissions|ls|OUTPUT
INPUT|CS211user6-ulab-30|U|1632337905|cs211user6|/home/CS211user6/permissions|cp perm1.txt copied_perm1.txt|OUTPUT
INPUT|CS211user6-ulab-31|M2|1632337907|cs211user6|/home/CS211user6/permissions|ls|OUTPUT
INPUT|CS211user6-ulab-32|U|1632337935|cs211user6|/home/CS211user6/permissions|man chmod|OUTPUT
INPUT|CS211user6-ulab-33|M11|1632338116|cs211user6|/home/CS211user6/permissions|chmod 660 copied_perm1.txt|OUTPUT
INPUT|CS211user6-ulab-34|U|1632338137|cs211user6|/home/CS211user6/permissions|cp perm2.txt copied_perm2.txt|OUTPUT
INPUT|CS211user6-ulab-35|M12|1632338162|cs211user6|/home/CS211user6/permissions|chmod 764 copied_perm2.txt|OUTPUT
INPUT|CS211user6-ulab-36|U|1632338176|cs211user6|/home/CS211user6/permissions|perflag|OUTPUT
INPUT|CS211user6-ulab-37|M7|1632338255|cs211user6|/home/CS211user6/permissions|cd ..|OUTPUT
INPUT|CS211user6-ulab-38|M2|1632338257|cs211user6|/home/CS211user6|ls|OUTPUT
INPUT|CS211user6-ulab-39|U|1632338263|cs211user6|/home/CS211user6|cd manipulate|OUTPUT
INPUT|CS211user6-ulab-40|M2|1632338268|cs211user6|/home/CS211user6/manipulate|ls|OUTPUT
INPUT|CS211user6-ulab-41|U|1632338292|cs211user6|/home/CS211user6/manipulate|less file1.txt|OUTPUT
INPUT|CS211user6-ulab-42|U|1632338301|cs211user6|/home/CS211user6/manipulate|less file2.txt|OUTPUT
INPUT|CS211user6-ulab-43|U|1632338305|cs211user6|/home/CS211user6/manipulate|manflag|OUTPUT
INPUT|CS211user6-ulab-44|M9|1632338346|cs211user6|/home/CS211user6/manipulate|mv file1.txt renamed_file1.txt|OUTPUT
INPUT|CS211user6-ulab-45|M2|1632338348|cs211user6|/home/CS211user6/manipulate|ls|OUTPUT
INPUT|CS211user6-ulab-46|M10|1632338366|cs211user6|/home/CS211user6/manipulate|cp file2.txt copied_file2.txt|OUTPUT
INPUT|CS211user6-ulab-47|U|1632338375|cs211user6|/home/CS211user6/manipulate|manflag|OUTPUT
INPUT|CS211user6-ulab-48|M7|1632338546|cs211user6|/home/CS211user6/manipulate|cd ..|OUTPUT
