INPUT|cs211user16-ulab-0|U|1632336930|cs211user16|/home/CS211user16|cat instruction.txt|OUTPUT
INPUT|CS211user16-ulab-1|M2|1632336930|cs211user16|/home/CS211user16|ls|OUTPUT
INPUT|CS211user16-ulab-2|U|1632336935|cs211user16|/home/CS211user16|cat instructions.txt|OUTPUT
INPUT|CS211user16-ulab-3|U|1632336938|cs211user16|/home/CS211user16|clear|OUTPUT
INPUT|CS211user16-ulab-4|U|1632336939|cs211user16|/home/CS211user16|clear|OUTPUT
INPUT|CS211user16-ulab-5|U|1632336940|cs211user16|/home/CS211user16|cat instructions.txt|OUTPUT
INPUT|CS211user16-ulab-6|M0|1632336958|cs211user16|/home/CS211user16|pwd|OUTPUT
INPUT|CS211user16-ulab-7|U|1632337005|cs211user16|/home/CS211user16|man cd|OUTPUT
INPUT|CS211user16-ulab-8|M1|1632337030|cs211user16|/home/CS211user16|man pwds h for help or q to quit)|OUTPUT
INPUT|CS211user16-ulab-9|M2|1632337031|cs211user16|/home/CS211user16|lsEND) (press h for help or q to quit)|OUTPUT
INPUT|CS211user16-ulab-10|M3|1632337114|cs211user16|/home/CS211user16|man ls|OUTPUT
INPUT|CS211user16-ulab-11|M3|1632337217|cs211user16|/home/CS211user16|man ls(press h for help or q to quit)|OUTPUT
INPUT|CS211user16-ulab-12|U|1632337218|cs211user16|/home/CS211user16|ess h for help or q to quit)|OUTPUT
INPUT|CS211user16-ulab-13|M6|1632337221|cs211user16|/home/CS211user16|ls -a|OUTPUT
INPUT|CS211user16-ulab-14|M5|1632337253|cs211user16|/home/CS211user16|cd view|OUTPUT
INPUT|CS211user16-ulab-15|M2|1632337254|cs211user16|/home/CS211user16/view|ls|OUTPUT
INPUT|CS211user16-ulab-16|M6|1632337257|cs211user16|/home/CS211user16/view|ls -a|OUTPUT
INPUT|CS211user16-ulab-17|M0|1632337280|cs211user16|/home/CS211user16/view|pwd|OUTPUT
INPUT|CS211user16-ulab-18|M7|1632337297|cs211user16|/home/CS211user16/view|cd ..?|OUTPUT
INPUT|CS211user16-ulab-19|M7|1632337302|cs211user16|/home/CS211user16/view|cd ..|OUTPUT
INPUT|CS211user16-ulab-20|M0|1632337304|cs211user16|/home/CS211user16|pwd|OUTPUT
INPUT|CS211user16-ulab-21|M6|1632337321|cs211user16|/home/CS211user16|ls -a|OUTPUT
INPUT|CS211user16-ulab-22|U|1632337382|cs211user16|/home/CS211user16|clear|OUTPUT
INPUT|CS211user16-ulab-23|M2|1632337384|cs211user16|/home/CS211user16|ls|OUTPUT
INPUT|CS211user16-ulab-24|M6|1632337386|cs211user16|/home/CS211user16|ls -a|OUTPUT
INPUT|CS211user16-ulab-25|U|1632337402|cs211user16|/home/CS211user16|cd manipulate|OUTPUT
INPUT|CS211user16-ulab-26|U|1632337406|cs211user16|/home/CS211user16/manipulate|manflag|OUTPUT
INPUT|CS211user16-ulab-27|U|1632337429|cs211user16|/home/CS211user16/manipulate|manflag|OUTPUT
INPUT|CS211user16-ulab-28|U|1632337437|cs211user16|/home/CS211user16/manipulate|clear|OUTPUT
INPUT|CS211user16-ulab-29|U|1632337438|cs211user16|/home/CS211user16/manipulate|cd|OUTPUT
INPUT|CS211user16-ulab-30|U|1632337442|cs211user16|/home/CS211user16|cat intructions.txt|OUTPUT
INPUT|CS211user16-ulab-31|U|1632337453|cs211user16|/home/CS211user16|cat instructions.txt|OUTPUT
INPUT|CS211user16-ulab-32|U|1632337470|cs211user16|/home/CS211user16|cat task1|OUTPUT
INPUT|CS211user16-ulab-33|M0|1632337515|cs211user16|/home/CS211user16|pwd|OUTPUT
INPUT|CS211user16-ulab-34|U|1632337520|cs211user16|/home/CS211user16|cat task2|OUTPUT
INPUT|CS211user16-ulab-35|U|1632337530|cs211user16|/home/CS211user16|cat task3|OUTPUT
INPUT|CS211user16-ulab-36|U|1632337534|cs211user16|/home/CS211user16|cat task4|OUTPUT
INPUT|CS211user16-ulab-37|U|1632337540|cs211user16|/home/CS211user16|$ cat task5|OUTPUT
INPUT|CS211user16-ulab-38|U|1632337548|cs211user16|/home/CS211user16|cat task6|OUTPUT
INPUT|CS211user16-ulab-39|M2|1632337555|cs211user16|/home/CS211user16|ls|OUTPUT
INPUT|CS211user16-ulab-40|U|1632337564|cs211user16|/home/CS211user16|cat task8|OUTPUT
INPUT|CS211user16-ulab-41|U|1632337586|cs211user16|/home/CS211user16|cat task9|OUTPUT
INPUT|CS211user16-ulab-42|U|1632337591|cs211user16|/home/CS211user16|clear |OUTPUT
INPUT|CS211user16-ulab-43|U|1632337593|cs211user16|/home/CS211user16|cat task9|OUTPUT
INPUT|CS211user16-ulab-44|U|1632337600|cs211user16|/home/CS211user16|cd manipulate|OUTPUT
INPUT|CS211user16-ulab-45|M2|1632337600|cs211user16|/home/CS211user16/manipulate|ls|OUTPUT
INPUT|CS211user16-ulab-46|M9|1632337621|cs211user16|/home/CS211user16/manipulate|mv file1.txt renamed_file1.txt|OUTPUT
INPUT|CS211user16-ulab-47|M2|1632337622|cs211user16|/home/CS211user16/manipulate|ls|OUTPUT
INPUT|CS211user16-ulab-48|M10|1632337640|cs211user16|/home/CS211user16/manipulate|cp file2.txt copied_file2.txt|OUTPUT
INPUT|CS211user16-ulab-49|M2|1632337642|cs211user16|/home/CS211user16/manipulate|ls|OUTPUT
INPUT|CS211user16-ulab-50|U|1632337651|cs211user16|/home/CS211user16/manipulate|manflag|OUTPUT
INPUT|CS211user16-ulab-51|U|1632337671|cs211user16|/home/CS211user16/manipulate|cat task10|OUTPUT
INPUT|CS211user16-ulab-52|U|1632337672|cs211user16|/home/CS211user16/manipulate|cd|OUTPUT
INPUT|CS211user16-ulab-53|M2|1632337673|cs211user16|/home/CS211user16|ls|OUTPUT
INPUT|CS211user16-ulab-54|M5|1632337677|cs211user16|/home/CS211user16|cd view|OUTPUT
INPUT|CS211user16-ulab-55|M2|1632337679|cs211user16|/home/CS211user16/view|ls|OUTPUT
INPUT|CS211user16-ulab-56|M2|1632337686|cs211user16|/home/CS211user16/view|ls|OUTPUT
INPUT|CS211user16-ulab-57|U|1632337688|cs211user16|/home/CS211user16/view|cd|OUTPUT
INPUT|CS211user16-ulab-58|U|1632337689|cs211user16|/home/CS211user16|cd codes|OUTPUT
INPUT|CS211user16-ulab-59|M2|1632337690|cs211user16|/home/CS211user16/codes|ls|OUTPUT
INPUT|CS211user16-ulab-60|U|1632337692|cs211user16|/home/CS211user16/codes|cd|OUTPUT
INPUT|CS211user16-ulab-61|U|1632337695|cs211user16|/home/CS211user16|cd permissions|OUTPUT
INPUT|CS211user16-ulab-62|M2|1632337696|cs211user16|/home/CS211user16/permissions|ls|OUTPUT
INPUT|CS211user16-ulab-63|U|1632337701|cs211user16|/home/CS211user16/permissions|cat task10|OUTPUT
INPUT|CS211user16-ulab-64|U|1632337705|cs211user16|/home/CS211user16/permissions|clear|OUTPUT
INPUT|CS211user16-ulab-65|U|1632337708|cs211user16|/home/CS211user16/permissions|cat task10|OUTPUT
INPUT|CS211user16-ulab-66|M2|1632337722|cs211user16|/home/CS211user16/permissions|ls|OUTPUT
INPUT|CS211user16-ulab-67|U|1632337736|cs211user16|/home/CS211user16/permissions|cp perm1.txt copied_perm1.txt|OUTPUT
INPUT|CS211user16-ulab-68|U|1632337830|cs211user16|/home/CS211user16/permissions|man chmod                   |OUTPUT
INPUT|CS211user16-ulab-69|U|1632337834|cs211user16|/home/CS211user16/permissions|chmod -cr help or q to quit)|OUTPUT
INPUT|CS211user16-ulab-70|U|1632337854|cs211user16|/home/CS211user16/permissions|chmod copied_perm1.txt|OUTPUT
INPUT|CS211user16-ulab-71|U|1632337857|cs211user16|/home/CS211user16/permissions|chmod copied_perm1.txt -c|OUTPUT
INPUT|CS211user16-ulab-72|U|1632337864|cs211user16|/home/CS211user16/permissions|chmod copied_perm1.txt Owner|OUTPUT
INPUT|CS211user16-ulab-73|U|1632337870|cs211user16|/home/CS211user16/permissions|chmod --help|OUTPUT
INPUT|CS211user16-ulab-74|U|1632337905|cs211user16|/home/CS211user16/permissions|;lkdjdclear |OUTPUT
INPUT|CS211user16-ulab-75|U|1632337908|cs211user16|/home/CS211user16/permissions|clear|OUTPUT
INPUT|CS211user16-ulab-76|U|1632337912|cs211user16|/home/CS211user16/permissions|cat task10|OUTPUT
INPUT|CS211user16-ulab-77|U|1632337918|cs211user16|/home/CS211user16/permissions|chmod --changes|OUTPUT
INPUT|CS211user16-ulab-78|U|1632337930|cs211user16|/home/CS211user16/permissions|chmod copied_perm1.txt --changes|OUTPUT
INPUT|CS211user16-ulab-79|U|1632337941|cs211user16|/home/CS211user16/permissions|chmod copied_perm1.txt -c       |OUTPUT
INPUT|CS211user16-ulab-80|U|1632337948|cs211user16|/home/CS211user16/permissions|chmod copied_perm1.txt Owner|OUTPUT
INPUT|CS211user16-ulab-81|M11|1632338096|cs211user16|/home/CS211user16/permissions|chmod 660 copied_perm1.txt|OUTPUT
INPUT|CS211user16-ulab-82|M2|1632338104|cs211user16|/home/CS211user16/permissions|ls|OUTPUT
INPUT|CS211user16-ulab-83|U|1632338117|cs211user16|/home/CS211user16/permissions|cp perm2.txt copied_perm2.txt|OUTPUT
INPUT|CS211user16-ulab-84|M2|1632338118|cs211user16|/home/CS211user16/permissions|ls|OUTPUT
INPUT|CS211user16-ulab-85|M12|1632338137|cs211user16|/home/CS211user16/permissions|chmod 764 copied_perm2.txt|OUTPUT
INPUT|CS211user16-ulab-86|U|1632338142|cs211user16|/home/CS211user16/permissions|perflag|OUTPUT
INPUT|CS211user16-ulab-87|U|1632338174|cs211user16|/home/CS211user16/permissions|clear|OUTPUT
INPUT|CS211user16-ulab-88|U|1632338175|cs211user16|/home/CS211user16/permissions|cd|OUTPUT
INPUT|CS211user16-ulab-89|U|1632338298|cs211user16|/home/CS211user16|cd permissions  |OUTPUT
INPUT|CS211user16-ulab-90|U|1632338300|cs211user16|/home/CS211user16/permissions|cat task10|OUTPUT
INPUT|CS211user16-ulab-91|M2|1632338461|cs211user16|/home/CS211user16/permissions|ls                        |OUTPUT
INPUT|CS211user16-ulab-92|U|1632338584|cs211user16|/home/CS211user16/permissions|clear|OUTPUT
INPUT|CS211user16-ulab-93|U|1632338585|cs211user16|/home/CS211user16/permissions|cd|OUTPUT
INPUT|CS211user16-ulab-94|M2|1632338586|cs211user16|/home/CS211user16|ls|OUTPUT
