INPUT|cs211user25-ulab-0|U|1632336833|cs211user25|/home/CS211user25|cat instructions.txt|OUTPUT
INPUT|CS211user25-ulab-1|U|1632336833|cs211user25|/home/CS211user25|cat task1.txt|OUTPUT
INPUT|CS211user25-ulab-2|U|1632336838|cs211user25|/home/CS211user25|cat task1|OUTPUT
INPUT|CS211user25-ulab-3|M0|1632336849|cs211user25|/home/CS211user25|pwd|OUTPUT
INPUT|CS211user25-ulab-4|U|1632336908|cs211user25|/home/CS211user25|cat task2|OUTPUT
INPUT|CS211user25-ulab-5|M2|1632336960|cs211user25|/home/CS211user25|ls|OUTPUT
INPUT|CS211user25-ulab-6|M6|1632337001|cs211user25|/home/CS211user25|ls -a|OUTPUT
INPUT|CS211user25-ulab-7|U|1632337016|cs211user25|/home/CS211user25|cd bashrc|OUTPUT
INPUT|CS211user25-ulab-8|U|1632337023|cs211user25|/home/CS211user25|cd .bashrc|OUTPUT
INPUT|CS211user25-ulab-9|U|1632337039|cs211user25|/home/CS211user25|cd codes|OUTPUT
INPUT|CS211user25-ulab-10|U|1632337060|cs211user25|/home/CS211user25/codes|cd .|OUTPUT
INPUT|CS211user25-ulab-11|U|1632337062|cs211user25|/home/CS211user25/codes|cd..|OUTPUT
INPUT|CS211user25-ulab-12|M7|1632337065|cs211user25|/home/CS211user25/codes|cd ..|OUTPUT
INPUT|CS211user25-ulab-13|M5|1632337070|cs211user25|/home/CS211user25|cd view|OUTPUT
INPUT|CS211user25-ulab-14|M2|1632337072|cs211user25|/home/CS211user25/view|ls|OUTPUT
INPUT|CS211user25-ulab-15|M6|1632337167|cs211user25|/home/CS211user25/view|ls -a|OUTPUT
INPUT|CS211user25-ulab-16|M7|1632337189|cs211user25|/home/CS211user25/view|cd ..|OUTPUT
INPUT|CS211user25-ulab-17|M0|1632337192|cs211user25|/home/CS211user25|pwd|OUTPUT
INPUT|CS211user25-ulab-18|M6|1632337211|cs211user25|/home/CS211user25|ls -a|OUTPUT
INPUT|CS211user25-ulab-19|M2|1632337217|cs211user25|/home/CS211user25|ls|OUTPUT
INPUT|CS211user25-ulab-20|M8|1632337262|cs211user25|/home/CS211user25|ls -l -a|OUTPUT
INPUT|CS211user25-ulab-21|U|1632337309|cs211user25|/home/CS211user25|cd .bash_logout|OUTPUT
INPUT|CS211user25-ulab-22|M6|1632337378|cs211user25|/home/CS211user25|ls -a flag|OUTPUT
INPUT|CS211user25-ulab-23|U|1632337428|cs211user25|/home/CS211user25|find ' '|OUTPUT
INPUT|CS211user25-ulab-24|M3|1632337477|cs211user25|/home/CS211user25|0m$ man ls|OUTPUT
INPUT|CS211user25-ulab-25|U|1632337486|cs211user25|/home/CS211user25|cd manipulatelp or q to quit)|OUTPUT
INPUT|CS211user25-ulab-26|U|1632337494|cs211user25|/home/CS211user25/manipulate|manflag|OUTPUT
INPUT|CS211user25-ulab-27|U|1632337567|cs211user25|/home/CS211user25/manipulate|man flag|OUTPUT
INPUT|CS211user25-ulab-28|U|1632337611|cs211user25|/home/CS211user25/manipulate|cd |OUTPUT
INPUT|CS211user25-ulab-29|U|1632337621|cs211user25|/home/CS211user25|cat task11|OUTPUT
INPUT|CS211user25-ulab-30|U|1632337646|cs211user25|/home/CS211user25|cat task 3|OUTPUT
INPUT|CS211user25-ulab-31|U|1632337653|cs211user25|/home/CS211user25|cat task3|OUTPUT
INPUT|CS211user25-ulab-32|U|1632337660|cs211user25|/home/CS211user25|cat task4|OUTPUT
INPUT|CS211user25-ulab-33|U|1632337701|cs211user25|/home/CS211user25|$ sudo find/ task11 2>dev/null|OUTPUT
INPUT|CS211user25-ulab-34|U|1632337721|cs211user25|/home/CS211user25|find/ task11 2>/dev/null|OUTPUT
INPUT|CS211user25-ulab-35|M2|1632337730|cs211user25|/home/CS211user25|ls|OUTPUT
INPUT|CS211user25-ulab-36|U|1632337734|cs211user25|/home/CS211user25|cd codes|OUTPUT
INPUT|CS211user25-ulab-37|M2|1632337736|cs211user25|/home/CS211user25/codes|ls|OUTPUT
INPUT|CS211user25-ulab-38|U|1632337740|cs211user25|/home/CS211user25/codes|cd|OUTPUT
INPUT|CS211user25-ulab-39|U|1632337748|cs211user25|/home/CS211user25|cd perimissions|OUTPUT
INPUT|CS211user25-ulab-40|U|1632337756|cs211user25|/home/CS211user25|cd permissions|OUTPUT
INPUT|CS211user25-ulab-41|M2|1632337758|cs211user25|/home/CS211user25/permissions|ls|OUTPUT
INPUT|CS211user25-ulab-42|U|1632337764|cs211user25|/home/CS211user25/permissions|cat task10|OUTPUT
INPUT|CS211user25-ulab-43|M2|1632337785|cs211user25|/home/CS211user25/permissions|ls|OUTPUT
INPUT|CS211user25-ulab-44|U|1632337805|cs211user25|/home/CS211user25/permissions|cp perm1.txt copied_perm1.txt|OUTPUT
INPUT|CS211user25-ulab-45|U|1632337828|cs211user25|/home/CS211user25/permissions|man chmod|OUTPUT
INPUT|CS211user25-ulab-46|U|1632337846|cs211user25|/home/CS211user25/permissions|cds h for help or q to quit)|OUTPUT
INPUT|CS211user25-ulab-47|U|1632337849|cs211user25|/home/CS211user25|cat task9|OUTPUT
INPUT|CS211user25-ulab-48|M2|1632337856|cs211user25|/home/CS211user25|ls|OUTPUT
INPUT|CS211user25-ulab-49|M2|1632337884|cs211user25|/home/CS211user25|ls-a|OUTPUT
INPUT|CS211user25-ulab-50|M6|1632337887|cs211user25|/home/CS211user25|ls -a|OUTPUT
INPUT|CS211user25-ulab-51|M5|1632337900|cs211user25|/home/CS211user25|cd view|OUTPUT
INPUT|CS211user25-ulab-52|M2|1632337902|cs211user25|/home/CS211user25/view|ls|OUTPUT
INPUT|CS211user25-ulab-53|U|1632337908|cs211user25|/home/CS211user25/view|cd|OUTPUT
INPUT|CS211user25-ulab-54|M5|1632337912|cs211user25|/home/CS211user25|cd view|OUTPUT
INPUT|CS211user25-ulab-55|M6|1632337914|cs211user25|/home/CS211user25/view|ls -a|OUTPUT
INPUT|CS211user25-ulab-56|U|1632337917|cs211user25|/home/CS211user25/view|cd|OUTPUT
INPUT|CS211user25-ulab-57|U|1632337923|cs211user25|/home/CS211user25|cd codes|OUTPUT
INPUT|CS211user25-ulab-58|M2|1632337924|cs211user25|/home/CS211user25/codes|ls|OUTPUT
INPUT|CS211user25-ulab-59|U|1632337932|cs211user25|/home/CS211user25/codes|cd|OUTPUT
INPUT|CS211user25-ulab-60|U|1632337942|cs211user25|/home/CS211user25|find file1.txt|OUTPUT
INPUT|CS211user25-ulab-61|U|1632337965|cs211user25|/home/CS211user25|0m$ cat task8|OUTPUT
INPUT|CS211user25-ulab-62|U|1632337992|cs211user25|/home/CS211user25|cat task7|OUTPUT
INPUT|CS211user25-ulab-63|U|1632337995|cs211user25|/home/CS211user25|ld|OUTPUT
INPUT|CS211user25-ulab-64|M2|1632337997|cs211user25|/home/CS211user25|ls|OUTPUT
INPUT|CS211user25-ulab-65|U|1632338007|cs211user25|/home/CS211user25|cat task5|OUTPUT
INPUT|CS211user25-ulab-66|M5|1632338019|cs211user25|/home/CS211user25|cd view|OUTPUT
INPUT|CS211user25-ulab-67|M2|1632338020|cs211user25|/home/CS211user25/view|ls|OUTPUT
INPUT|CS211user25-ulab-68|U|1632338023|cs211user25|/home/CS211user25/view|cat task6|OUTPUT
INPUT|CS211user25-ulab-69|U|1632338043|cs211user25|/home/CS211user25/view|cat task7|OUTPUT
INPUT|CS211user25-ulab-70|M7|1632338065|cs211user25|/home/CS211user25/view|cd ..|OUTPUT
INPUT|CS211user25-ulab-71|U|1632338066|cs211user25|/home/CS211user25|ld|OUTPUT
INPUT|CS211user25-ulab-72|M2|1632338069|cs211user25|/home/CS211user25|ls|OUTPUT
INPUT|CS211user25-ulab-73|U|1632338080|cs211user25|/home/CS211user25|cat task8|OUTPUT
INPUT|CS211user25-ulab-74|M8|1632338093|cs211user25|/home/CS211user25|ls -l -a|OUTPUT
INPUT|CS211user25-ulab-75|U|1632338106|cs211user25|/home/CS211user25|cat task9|OUTPUT
INPUT|CS211user25-ulab-76|M9|1632338126|cs211user25|/home/CS211user25|mv file1.txt renamed_file1.txt|OUTPUT
INPUT|CS211user25-ulab-77|U|1632338139|cs211user25|/home/CS211user25|cd manipulate|OUTPUT
INPUT|CS211user25-ulab-78|M2|1632338140|cs211user25|/home/CS211user25/manipulate|ls|OUTPUT
INPUT|CS211user25-ulab-79|M9|1632338153|cs211user25|/home/CS211user25/manipulate|mv file1.txt renamed_file1.txt|OUTPUT
INPUT|CS211user25-ulab-80|M10|1632338173|cs211user25|/home/CS211user25/manipulate|cp file2.txt copied_file2.txt|OUTPUT
INPUT|CS211user25-ulab-81|U|1632338179|cs211user25|/home/CS211user25/manipulate|manflag|OUTPUT
INPUT|CS211user25-ulab-82|U|1632338207|cs211user25|/home/CS211user25/manipulate|cd|OUTPUT
INPUT|CS211user25-ulab-83|U|1632338213|cs211user25|/home/CS211user25|cd permissions|OUTPUT
INPUT|CS211user25-ulab-84|U|1632338216|cs211user25|/home/CS211user25/permissions|cat task10|OUTPUT
INPUT|CS211user25-ulab-85|M2|1632338225|cs211user25|/home/CS211user25/permissions|ls|OUTPUT
INPUT|CS211user25-ulab-86|U|1632338271|cs211user25|/home/CS211user25/permissions|man chmod|OUTPUT
INPUT|CS211user25-ulab-87|U|1632338293|cs211user25|/home/CS211user25/permissions|man chmod|OUTPUT
INPUT|CS211user25-ulab-88|U|1632338450|cs211user25|/home/CS211user25/permissions|man chmod|OUTPUT
INPUT|CS211user25-ulab-89|U|1632338470|cs211user25|/home/CS211user25/permissions|chmod o=rw g=rw u= |OUTPUT
INPUT|CS211user25-ulab-90|M4|1632338511|cs211user25|/home/CS211user25/permissions|ls -l|OUTPUT
INPUT|CS211user25-ulab-91|U|1632338554|cs211user25|/home/CS211user25/permissions|chmod g+w u-r copied_perm1.txt|OUTPUT
INPUT|CS211user25-ulab-92|U|1632338573|cs211user25|/home/CS211user25/permissions|chmod g+w copied_perm1.txt|OUTPUT
INPUT|CS211user25-ulab-93|M4|1632338576|cs211user25|/home/CS211user25/permissions|ls -l|OUTPUT
INPUT|CS211user25-ulab-94|U|1632338592|cs211user25|/home/CS211user25/permissions|chmod u-r copied_perm1.txt|OUTPUT
INPUT|CS211user25-ulab-95|M4|1632338595|cs211user25|/home/CS211user25/permissions|ls -l|OUTPUT
INPUT|CS211user25-ulab-96|U|1632338690|cs211user25|/home/CS211user25/permissions|chmod o+r copied_perm1.txt|OUTPUT
INPUT|CS211user25-ulab-97|M4|1632338693|cs211user25|/home/CS211user25/permissions|ls -l|OUTPUT
INPUT|CS211user25-ulab-98|U|1632338710|cs211user25|/home/CS211user25/permissions|chmod o+w copied_perm1.txt|OUTPUT
INPUT|CS211user25-ulab-99|M4|1632338713|cs211user25|/home/CS211user25/permissions|ls -l|OUTPUT
INPUT|CS211user25-ulab-100|U|1632338733|cs211user25|/home/CS211user25/permissions|chmod u-w copied_perm1.txt|OUTPUT
INPUT|CS211user25-ulab-101|M4|1632338736|cs211user25|/home/CS211user25/permissions|ls -l|OUTPUT
INPUT|CS211user25-ulab-102|U|1632338748|cs211user25|/home/CS211user25/permissions|cat task10|OUTPUT
INPUT|CS211user25-ulab-103|U|1632338798|cs211user25|/home/CS211user25/permissions|cp perm2.txt copied_perm2.txt|OUTPUT
INPUT|CS211user25-ulab-104|M2|1632338799|cs211user25|/home/CS211user25/permissions|ls|OUTPUT
INPUT|CS211user25-ulab-105|U|1632338815|cs211user25|/home/CS211user25/permissions|chmod o= rwx copied_perm2.txt|OUTPUT
INPUT|CS211user25-ulab-106|U|1632338825|cs211user25|/home/CS211user25/permissions|chmod o= rxw copied_perm2.txt|OUTPUT
INPUT|CS211user25-ulab-107|U|1632338853|cs211user25|/home/CS211user25/permissions|chmod o=rwx copied_perm2.txt|OUTPUT
INPUT|CS211user25-ulab-108|U|1632338869|cs211user25|/home/CS211user25/permissions|chmod g=rw copied_perm2.txt|OUTPUT
INPUT|CS211user25-ulab-109|U|1632338885|cs211user25|/home/CS211user25/permissions|chmod u=r copied_perm2.txt|OUTPUT
INPUT|CS211user25-ulab-110|M2|1632338887|cs211user25|/home/CS211user25/permissions|ls-l|OUTPUT
INPUT|CS211user25-ulab-111|M4|1632338895|cs211user25|/home/CS211user25/permissions|ls -l|OUTPUT
INPUT|CS211user25-ulab-112|U|1632338912|cs211user25|/home/CS211user25/permissions|perflag|OUTPUT
INPUT|CS211user25-ulab-113|U|1632338934|cs211user25|/home/CS211user25/permissions|chmod u=rwx copied_perm2.txt|OUTPUT
INPUT|CS211user25-ulab-114|U|1632338962|cs211user25|/home/CS211user25/permissions|chmod o=r copied_perm2.txt|OUTPUT
INPUT|CS211user25-ulab-115|U|1632338980|cs211user25|/home/CS211user25/permissions|chmod o-rw copied_perm1.txt|OUTPUT
INPUT|CS211user25-ulab-116|U|1632338998|cs211user25|/home/CS211user25/permissions|chmod u=rw copied_perm2.txt|OUTPUT
INPUT|CS211user25-ulab-117|U|1632339002|cs211user25|/home/CS211user25/permissions|perflag|OUTPUT
INPUT|cs211user25-ulab-0|M2|1632350550|cs211user25|/home/CS211user25|ls|OUTPUT
INPUT|CS211user25-ulab-1|U|1632350550|cs211user25|/home/CS211user25|cd permissions|OUTPUT
INPUT|CS211user25-ulab-2|U|1632350557|cs211user25|/home/CS211user25/permissions|cat task10|OUTPUT
INPUT|CS211user25-ulab-3|M4|1632350571|cs211user25|/home/CS211user25/permissions|ls -l|OUTPUT
INPUT|CS211user25-ulab-4|U|1632350670|cs211user25|/home/CS211user25/permissions|man chmod|OUTPUT
INPUT|CS211user25-ulab-5|U|1632350702|cs211user25|/home/CS211user25/permissions|chmod u+rw copied_perm1.txt|OUTPUT
INPUT|CS211user25-ulab-6|M4|1632350706|cs211user25|/home/CS211user25/permissions|ls -l|OUTPUT
INPUT|CS211user25-ulab-7|U|1632350742|cs211user25|/home/CS211user25/permissions|chmod u+x copied_perm2.txt|OUTPUT
INPUT|CS211user25-ulab-8|M4|1632350747|cs211user25|/home/CS211user25/permissions|ls -l|OUTPUT
INPUT|CS211user25-ulab-9|U|1632350764|cs211user25|/home/CS211user25/permissions|cat copied_perm1.txt|OUTPUT
