INPUT|cs211user10-ulab-0|U|1632336816|cs211user10|/home/CS211user10|cat instructions.txt|OUTPUT
INPUT|CS211user10-ulab-1|M0|1632336816|cs211user10|/home/CS211user10|pwd|OUTPUT
INPUT|CS211user10-ulab-2|M2|1632336848|cs211user10|/home/CS211user10|ls|OUTPUT
INPUT|CS211user10-ulab-3|M3|1632336918|cs211user10|/home/CS211user10|man ls|OUTPUT
INPUT|CS211user10-ulab-4|U|1632336933|cs211user10|/home/CS211user10|cat task1 help or q to quit)|OUTPUT
INPUT|CS211user10-ulab-5|U|1632336937|cs211user10|/home/CS211user10|cat task3|OUTPUT
INPUT|CS211user10-ulab-6|U|1632336942|cs211user10|/home/CS211user10|cat task5|OUTPUT
INPUT|CS211user10-ulab-7|U|1632336953|cs211user10|/home/CS211user10|cat task4|OUTPUT
INPUT|CS211user10-ulab-8|M4|1632336968|cs211user10|/home/CS211user10|$ ls -l|OUTPUT
INPUT|CS211user10-ulab-9|U|1632337066|cs211user10|/home/CS211user10|cat task6|OUTPUT
INPUT|CS211user10-ulab-10|U|1632337076|cs211user10|/home/CS211user10|cat task6|OUTPUT
INPUT|CS211user10-ulab-11|U|1632337085|cs211user10|/home/CS211user10|cat task6|OUTPUT
INPUT|CS211user10-ulab-12|U|1632337088|cs211user10|/home/CS211user10|cat task7|OUTPUT
INPUT|CS211user10-ulab-13|U|1632337091|cs211user10|/home/CS211user10|cat task4|OUTPUT
INPUT|CS211user10-ulab-14|U|1632337093|cs211user10|/home/CS211user10|$ cat task5|OUTPUT
INPUT|CS211user10-ulab-15|U|1632337097|cs211user10|/home/CS211user10|cat task6|OUTPUT
INPUT|CS211user10-ulab-16|U|1632337129|cs211user10|/home/CS211user10|cat task7|OUTPUT
INPUT|CS211user10-ulab-17|M2|1632337195|cs211user10|/home/CS211user10|lsls|OUTPUT
INPUT|CS211user10-ulab-18|M2|1632337196|cs211user10|/home/CS211user10|ls|OUTPUT
INPUT|CS211user10-ulab-19|M4|1632337202|cs211user10|/home/CS211user10|ls -l|OUTPUT
INPUT|CS211user10-ulab-20|M5|1632337206|cs211user10|/home/CS211user10|cd view|OUTPUT
INPUT|CS211user10-ulab-21|M2|1632337208|cs211user10|/home/CS211user10/view|ls|OUTPUT
INPUT|CS211user10-ulab-22|U|1632337213|cs211user10|/home/CS211user10/view|cat task6|OUTPUT
INPUT|CS211user10-ulab-23|M6|1632337237|cs211user10|/home/CS211user10/view|ls -a|OUTPUT
INPUT|CS211user10-ulab-24|M0|1632337266|cs211user10|/home/CS211user10/view|pwd|OUTPUT
INPUT|CS211user10-ulab-25|U|1632337285|cs211user10|/home/CS211user10/view|cat task7|OUTPUT
INPUT|CS211user10-ulab-26|M7|1632337292|cs211user10|/home/CS211user10/view|cd ..|OUTPUT
INPUT|CS211user10-ulab-27|M0|1632337293|cs211user10|/home/CS211user10|pwd|OUTPUT
INPUT|CS211user10-ulab-28|U|1632337305|cs211user10|/home/CS211user10|cat task8|OUTPUT
INPUT|CS211user10-ulab-29|M6|1632337308|cs211user10|/home/CS211user10|ls -a|OUTPUT
INPUT|CS211user10-ulab-30|M8|1632337327|cs211user10|/home/CS211user10|ls -a -l|OUTPUT
INPUT|CS211user10-ulab-31|U|1632337375|cs211user10|/home/CS211user10|cat task9|OUTPUT
INPUT|CS211user10-ulab-32|U|1632337387|cs211user10|/home/CS211user10|cd manipu;ate|OUTPUT
INPUT|CS211user10-ulab-33|M2|1632337387|cs211user10|/home/CS211user10|ls|OUTPUT
INPUT|CS211user10-ulab-34|M8|1632337391|cs211user10|/home/CS211user10|ls -a -l|OUTPUT
INPUT|CS211user10-ulab-35|U|1632337483|cs211user10|/home/CS211user10|man mv      |OUTPUT
INPUT|CS211user10-ulab-36|M9|1632337499|cs211user10|/home/CS211user10|mv file1.txt renamed_file1.txt|OUTPUT
INPUT|CS211user10-ulab-37|M2|1632337507|cs211user10|/home/CS211user10|ls|OUTPUT
INPUT|CS211user10-ulab-38|U|1632337515|cs211user10|/home/CS211user10|cd manipulate|OUTPUT
INPUT|CS211user10-ulab-39|M9|1632337517|cs211user10|/home/CS211user10/manipulate|mv file1.txt renamed_file1.txt|OUTPUT
INPUT|CS211user10-ulab-40|M2|1632337519|cs211user10|/home/CS211user10/manipulate|ls|OUTPUT
INPUT|CS211user10-ulab-41|U|1632337548|cs211user10|/home/CS211user10/manipulate|man cp |OUTPUT
INPUT|CS211user10-ulab-42|M10|1632337562|cs211user10|/home/CS211user10/manipulate|cp file2.txt copied_file2.txt|OUTPUT
INPUT|CS211user10-ulab-43|M2|1632337563|cs211user10|/home/CS211user10/manipulate|ls|OUTPUT
INPUT|CS211user10-ulab-44|U|1632337574|cs211user10|/home/CS211user10/manipulate|cat task10|OUTPUT
INPUT|CS211user10-ulab-45|U|1632337585|cs211user10|/home/CS211user10/manipulate|manflag|OUTPUT
INPUT|CS211user10-ulab-46|M7|1632337627|cs211user10|/home/CS211user10/manipulate|cd ..|OUTPUT
INPUT|CS211user10-ulab-47|U|1632337633|cs211user10|/home/CS211user10|cd permissions|OUTPUT
INPUT|CS211user10-ulab-48|M2|1632337634|cs211user10|/home/CS211user10/permissions|ls|OUTPUT
INPUT|CS211user10-ulab-49|U|1632337636|cs211user10|/home/CS211user10/permissions|cat task10|OUTPUT
INPUT|CS211user10-ulab-50|M2|1632337639|cs211user10|/home/CS211user10/permissions|ls|OUTPUT
INPUT|CS211user10-ulab-51|M8|1632337652|cs211user10|/home/CS211user10/permissions|ls -a -l|OUTPUT
INPUT|CS211user10-ulab-52|U|1632337830|cs211user10|/home/CS211user10/permissions|man chmod|OUTPUT
INPUT|CS211user10-ulab-53|U|1632337844|cs211user10|/home/CS211user10/permissions|cp perm1.txt copied_perm1.txt|OUTPUT
INPUT|CS211user10-ulab-54|U|1632337865|cs211user10|/home/CS211user10/permissions|chmod [u][[+][rw]] copied_perm1.txt|OUTPUT
INPUT|CS211user10-ulab-55|U|1632337872|cs211user10|/home/CS211user10/permissions|chmod --help|OUTPUT
INPUT|CS211user10-ulab-56|U|1632338006|cs211user10|/home/CS211user10/permissions|chmod u+rw copied_perm1.txt|OUTPUT
INPUT|CS211user10-ulab-57|U|1632338036|cs211user10|/home/CS211user10/permissions|chmod g+rw copied_perm1.txt|OUTPUT
INPUT|CS211user10-ulab-58|U|1632338069|cs211user10|/home/CS211user10/permissions|chmod o-rw copied_perm1.txt|OUTPUT
INPUT|CS211user10-ulab-59|U|1632338097|cs211user10|/home/CS211user10/permissions|cp perm2.txt copied_perm2.txt|OUTPUT
INPUT|CS211user10-ulab-60|U|1632338120|cs211user10|/home/CS211user10/permissions|chmod u+rwe copied_perm2.txt|OUTPUT
INPUT|CS211user10-ulab-61|U|1632338131|cs211user10|/home/CS211user10/permissions|chmod u+rwx copied_perm2.txt|OUTPUT
INPUT|CS211user10-ulab-62|U|1632338142|cs211user10|/home/CS211user10/permissions|chmod g+rw copied_perm2.txt|OUTPUT
INPUT|CS211user10-ulab-63|U|1632338149|cs211user10|/home/CS211user10/permissions|chmod o-rw copied_perm2.txt|OUTPUT
INPUT|CS211user10-ulab-64|U|1632338158|cs211user10|/home/CS211user10/permissions|chmod o+r copied_perm2.txt|OUTPUT
INPUT|CS211user10-ulab-65|U|1632338165|cs211user10|/home/CS211user10/permissions|perflag|OUTPUT
