INPUT|cs211user18-ulab-0|M0|1632337065|cs211user18|/home/CS211user18|pwd|OUTPUT
INPUT|CS211user18-ulab-1|M2|1632337065|cs211user18|/home/CS211user18|ls|OUTPUT
INPUT|CS211user18-ulab-2|M4|1632337082|cs211user18|/home/CS211user18|ls -l|OUTPUT
INPUT|CS211user18-ulab-3|M3|1632337145|cs211user18|/home/CS211user18|man ls|OUTPUT
INPUT|CS211user18-ulab-4|M2|1632337147|cs211user18|/home/CS211user18|ls|OUTPUT
INPUT|CS211user18-ulab-5|M5|1632337159|cs211user18|/home/CS211user18|cd view|OUTPUT
INPUT|CS211user18-ulab-6|M2|1632337160|cs211user18|/home/CS211user18/view|ls|OUTPUT
INPUT|CS211user18-ulab-7|M6|1632337175|cs211user18|/home/CS211user18/view|ls -a|OUTPUT
INPUT|CS211user18-ulab-8|M7|1632337231|cs211user18|/home/CS211user18/view|cd ..|OUTPUT
INPUT|CS211user18-ulab-9|M0|1632337233|cs211user18|/home/CS211user18|pwd|OUTPUT
INPUT|CS211user18-ulab-10|M6|1632337247|cs211user18|/home/CS211user18|ls -a|OUTPUT
INPUT|CS211user18-ulab-11|U|1632337270|cs211user18|/home/CS211user18|cd manipulate|OUTPUT
INPUT|CS211user18-ulab-12|U|1632337276|cs211user18|/home/CS211user18/manipulate|manflag|OUTPUT
INPUT|CS211user18-ulab-13|U|1632337311|cs211user18|/home/CS211user18/manipulate|manflag|OUTPUT
INPUT|CS211user18-ulab-14|M2|1632337320|cs211user18|/home/CS211user18/manipulate|ls|OUTPUT
INPUT|CS211user18-ulab-15|M10|1632337368|cs211user18|/home/CS211user18/manipulate|cp file2.txt copied_file2.txt|OUTPUT
INPUT|CS211user18-ulab-16|M2|1632337370|cs211user18|/home/CS211user18/manipulate|ls|OUTPUT
INPUT|CS211user18-ulab-17|M9|1632337385|cs211user18|/home/CS211user18/manipulate|mv file1.txt renamed_file1.txt|OUTPUT
INPUT|CS211user18-ulab-18|M2|1632337386|cs211user18|/home/CS211user18/manipulate|ls|OUTPUT
INPUT|CS211user18-ulab-19|U|1632337393|cs211user18|/home/CS211user18/manipulate|manflag|OUTPUT
INPUT|CS211user18-ulab-20|M7|1632337407|cs211user18|/home/CS211user18/manipulate|cd ..|OUTPUT
INPUT|CS211user18-ulab-21|M2|1632337408|cs211user18|/home/CS211user18|ls|OUTPUT
INPUT|CS211user18-ulab-22|U|1632337413|cs211user18|/home/CS211user18|cd permissions|OUTPUT
INPUT|CS211user18-ulab-23|M2|1632337414|cs211user18|/home/CS211user18/permissions|ls|OUTPUT
INPUT|CS211user18-ulab-24|U|1632337417|cs211user18|/home/CS211user18/permissions|perflag|OUTPUT
INPUT|CS211user18-ulab-25|U|1632337436|cs211user18|/home/CS211user18/permissions|man perflag|OUTPUT
INPUT|CS211user18-ulab-26|U|1632337457|cs211user18|/home/CS211user18/permissions|cp perm1.txt copied_perm1.txt|OUTPUT
INPUT|CS211user18-ulab-27|U|1632337465|cs211user18|/home/CS211user18/permissions|cp perm2.txt copied_perm2.txt|OUTPUT
INPUT|CS211user18-ulab-28|M2|1632337466|cs211user18|/home/CS211user18/permissions|ls|OUTPUT
INPUT|CS211user18-ulab-29|U|1632337473|cs211user18|/home/CS211user18/permissions|cat task1|OUTPUT
INPUT|CS211user18-ulab-30|U|1632337475|cs211user18|/home/CS211user18/permissions|cat task10|OUTPUT
INPUT|CS211user18-ulab-31|U|1632337594|cs211user18|/home/CS211user18/permissions|chmod o=rw,g=rw copied_perm1.txt|OUTPUT
INPUT|CS211user18-ulab-32|M2|1632337596|cs211user18|/home/CS211user18/permissions|ls|OUTPUT
INPUT|CS211user18-ulab-33|U|1632337615|cs211user18|/home/CS211user18/permissions|chmod o=rwx,g=rw,u=r copied_perm2.txt|OUTPUT
INPUT|CS211user18-ulab-34|U|1632337618|cs211user18|/home/CS211user18/permissions|perflag|OUTPUT
INPUT|CS211user18-ulab-35|M4|1632337660|cs211user18|/home/CS211user18/permissions|ls -l|OUTPUT
INPUT|CS211user18-ulab-36|U|1632337712|cs211user18|/home/CS211user18/permissions|chmod u=0 copied_perm1.txt|OUTPUT
INPUT|CS211user18-ulab-37|M11|1632337843|cs211user18|/home/CS211user18/permissions|0m$ chmod 660 copied_perm1.txt|OUTPUT
INPUT|CS211user18-ulab-38|M4|1632337845|cs211user18|/home/CS211user18/permissions|ls -l|OUTPUT
INPUT|CS211user18-ulab-39|U|1632337854|cs211user18|/home/CS211user18/permissions|perflag|OUTPUT
INPUT|CS211user18-ulab-40|U|1632337875|cs211user18|/home/CS211user18/permissions|chmod 066 copied_perm1.txt|OUTPUT
INPUT|CS211user18-ulab-41|U|1632337877|cs211user18|/home/CS211user18/permissions|perflag|OUTPUT
INPUT|CS211user18-ulab-42|M11|1632337994|cs211user18|/home/CS211user18/permissions|chmod 660 copied_perm1.txt|OUTPUT
INPUT|CS211user18-ulab-43|M12|1632338055|cs211user18|/home/CS211user18/permissions|chmod 764 copied_perm2.txt|OUTPUT
INPUT|CS211user18-ulab-44|U|1632338059|cs211user18|/home/CS211user18/permissions|perflag|OUTPUT
