INPUT|cs211user3-ulab-0|U|1632337027|cs211user3|/home/CS211user3|cat instructions.txt|OUTPUT
INPUT|CS211user3-ulab-1|U|1632337027|cs211user3|/home/CS211user3|cat task1|OUTPUT
INPUT|CS211user3-ulab-2|M0|1632337037|cs211user3|/home/CS211user3|pwd|OUTPUT
INPUT|CS211user3-ulab-3|U|1632337063|cs211user3|/home/CS211user3|cat task2 |OUTPUT
INPUT|CS211user3-ulab-4|M1|1632337124|cs211user3|/home/CS211user3|man pwd|OUTPUT
INPUT|CS211user3-ulab-5|U|1632337127|cs211user3|/home/CS211user3|cat task3for help or q to quit)|OUTPUT
INPUT|CS211user3-ulab-6|M2|1632337138|cs211user3|/home/CS211user3|ls|OUTPUT
INPUT|CS211user3-ulab-7|U|1632337166|cs211user3|/home/CS211user3|cat task4|OUTPUT
INPUT|CS211user3-ulab-8|M3|1632337276|cs211user3|/home/CS211user3|$ man ls|OUTPUT
INPUT|CS211user3-ulab-9|M4|1632337291|cs211user3|/home/CS211user3|ls -l h for help or q to quit)|OUTPUT
INPUT|CS211user3-ulab-10|M2|1632337295|cs211user3|/home/CS211user3|ls --l|OUTPUT
INPUT|CS211user3-ulab-11|M4|1632337299|cs211user3|/home/CS211user3|ls -l|OUTPUT
INPUT|CS211user3-ulab-12|U|1632337312|cs211user3|/home/CS211user3|cat task5|OUTPUT
INPUT|CS211user3-ulab-13|M5|1632337333|cs211user3|/home/CS211user3|cd view|OUTPUT
INPUT|CS211user3-ulab-14|M2|1632337355|cs211user3|/home/CS211user3/view|ls|OUTPUT
INPUT|CS211user3-ulab-15|U|1632337395|cs211user3|/home/CS211user3/view|cat task6|OUTPUT
INPUT|CS211user3-ulab-16|M3|1632337471|cs211user3|/home/CS211user3/view|man ls|OUTPUT
INPUT|CS211user3-ulab-17|M6|1632337491|cs211user3|/home/CS211user3/view|ls -a help or q to quit)|OUTPUT
INPUT|CS211user3-ulab-18|U|1632337524|cs211user3|/home/CS211user3/view|cat task7|OUTPUT
INPUT|CS211user3-ulab-19|M7|1632337537|cs211user3|/home/CS211user3/view|cd ..|OUTPUT
INPUT|CS211user3-ulab-20|M0|1632337541|cs211user3|/home/CS211user3|pwd|OUTPUT
INPUT|CS211user3-ulab-21|U|1632337578|cs211user3|/home/CS211user3|cd|OUTPUT
INPUT|CS211user3-ulab-22|M6|1632337585|cs211user3|/home/CS211user3|ls -a|OUTPUT
INPUT|CS211user3-ulab-23|M8|1632337602|cs211user3|/home/CS211user3|ls -a -l|OUTPUT
INPUT|CS211user3-ulab-24|U|1632337620|cs211user3|/home/CS211user3|cd home|OUTPUT
INPUT|CS211user3-ulab-25|M0|1632337623|cs211user3|/home/CS211user3|pwd|OUTPUT
INPUT|CS211user3-ulab-26|U|1632337633|cs211user3|/home/CS211user3|cd /home|OUTPUT
INPUT|CS211user3-ulab-27|M2|1632337635|cs211user3|/home|ls|OUTPUT
INPUT|CS211user3-ulab-28|M6|1632337642|cs211user3|/home|ls -a|OUTPUT
INPUT|CS211user3-ulab-29|M8|1632337660|cs211user3|/home|ls -a -l|OUTPUT
INPUT|CS211user3-ulab-30|U|1632337706|cs211user3|/home|cd CS211user3|OUTPUT
INPUT|CS211user3-ulab-31|M2|1632337711|cs211user3|/home/CS211user3|ls|OUTPUT
INPUT|CS211user3-ulab-32|M5|1632337716|cs211user3|/home/CS211user3|cd view|OUTPUT
INPUT|CS211user3-ulab-33|U|1632337722|cs211user3|/home/CS211user3/view|cd|OUTPUT
INPUT|CS211user3-ulab-34|U|1632337731|cs211user3|/home/CS211user3|cat task8|OUTPUT
INPUT|CS211user3-ulab-35|M8|1632337769|cs211user3|/home/CS211user3|ls -a -l|OUTPUT
INPUT|CS211user3-ulab-36|U|1632337785|cs211user3|/home/CS211user3|cat task9|OUTPUT
INPUT|CS211user3-ulab-37|U|1632337809|cs211user3|/home/CS211user3|cd manipulate|OUTPUT
INPUT|CS211user3-ulab-38|M2|1632337812|cs211user3|/home/CS211user3/manipulate|ls|OUTPUT
INPUT|CS211user3-ulab-39|U|1632337838|cs211user3|/home/CS211user3/manipulate|man mv|OUTPUT
INPUT|CS211user3-ulab-40|M9|1632337856|cs211user3|/home/CS211user3/manipulate|mv file1.txt renamed_file1.txt|OUTPUT
INPUT|CS211user3-ulab-41|U|1632337870|cs211user3|/home/CS211user3/manipulate|man cp|OUTPUT
INPUT|CS211user3-ulab-42|M10|1632337972|cs211user3|/home/CS211user3/manipulate|cp file2.txt copied_file2.txt|OUTPUT
INPUT|CS211user3-ulab-43|M2|1632337973|cs211user3|/home/CS211user3/manipulate|ls|OUTPUT
INPUT|CS211user3-ulab-44|U|1632338059|cs211user3|/home/CS211user3/manipulate|manflag|OUTPUT
INPUT|CS211user3-ulab-45|U|1632338112|cs211user3|/home/CS211user3/manipulate|cd /home/CS211user3/permissions/|OUTPUT
INPUT|CS211user3-ulab-46|U|1632338116|cs211user3|/home/CS211user3/permissions|cat task10|OUTPUT
INPUT|CS211user3-ulab-47|M2|1632338123|cs211user3|/home/CS211user3/permissions|ls|OUTPUT
INPUT|CS211user3-ulab-48|U|1632338178|cs211user3|/home/CS211user3/permissions|cp perm1.txt copied_perm1.txt|OUTPUT
INPUT|CS211user3-ulab-49|U|1632338223|cs211user3|/home/CS211user3/permissions|man chmod|OUTPUT
INPUT|CS211user3-ulab-50|U|1632338358|cs211user3|/home/CS211user3/permissions|man chmodr q to quit)|OUTPUT
INPUT|CS211user3-ulab-51|U|1632338470|cs211user3|/home/CS211user3/permissions|chmod og rw copied_perm1.txt |OUTPUT
INPUT|CS211user3-ulab-52|U|1632338575|cs211user3|/home/CS211user3/permissions|chmod ug=rw,o= copied_perm1.txt |OUTPUT
INPUT|CS211user3-ulab-53|M4|1632338581|cs211user3|/home/CS211user3/permissions|ls -l|OUTPUT
INPUT|CS211user3-ulab-54|U|1632338623|cs211user3|/home/CS211user3/permissions|cp perm2.txt copied_perm2.txt|OUTPUT
INPUT|CS211user3-ulab-55|U|1632338673|cs211user3|/home/CS211user3/permissions|chmod u=rwx,g=rw,o=r copied_perm2.txt |OUTPUT
INPUT|CS211user3-ulab-56|M4|1632338677|cs211user3|/home/CS211user3/permissions|ls -l|OUTPUT
INPUT|CS211user3-ulab-57|U|1632338696|cs211user3|/home/CS211user3/permissions|perflag|OUTPUT
