INPUT|cs211user14-ulab-0|M2|1632336804|cs211user14|/home/CS211user14|ls|OUTPUT
INPUT|CS211user14-ulab-1|U|1632336804|cs211user14|/home/CS211user14|cd|OUTPUT
INPUT|CS211user14-ulab-2|M0|1632336879|cs211user14|/home/CS211user14|pwd|OUTPUT
INPUT|CS211user14-ulab-3|U|1632336881|cs211user14|/home/CS211user14|cd|OUTPUT
INPUT|CS211user14-ulab-4|M7|1632336885|cs211user14|/home/CS211user14|cd ..|OUTPUT
INPUT|CS211user14-ulab-5|M2|1632336887|cs211user14|/home|ls|OUTPUT
INPUT|CS211user14-ulab-6|U|1632336901|cs211user14|/home|cd CS211user14 |OUTPUT
INPUT|CS211user14-ulab-7|M2|1632336903|cs211user14|/home/CS211user14|ls|OUTPUT
INPUT|CS211user14-ulab-8|M0|1632336914|cs211user14|/home/CS211user14|pwd|OUTPUT
INPUT|CS211user14-ulab-9|U|1632336961|cs211user14|/home/CS211user14|cd|OUTPUT
INPUT|CS211user14-ulab-10|M2|1632336970|cs211user14|/home/CS211user14|ls|OUTPUT
INPUT|CS211user14-ulab-11|M4|1632336986|cs211user14|/home/CS211user14|ls -l|OUTPUT
INPUT|CS211user14-ulab-12|M4|1632336996|cs211user14|/home/CS211user14|ls -long|OUTPUT
INPUT|CS211user14-ulab-13|M2|1632337064|cs211user14|/home/CS211user14|ls -more|OUTPUT
INPUT|CS211user14-ulab-14|M2|1632337068|cs211user14|/home/CS211user14|ls |OUTPUT
INPUT|CS211user14-ulab-15|M2|1632337070|cs211user14|/home/CS211user14|manls|OUTPUT
INPUT|CS211user14-ulab-16|M3|1632337177|cs211user14|/home/CS211user14|man ls|OUTPUT
INPUT|CS211user14-ulab-17|M2|1632337181|cs211user14|/home/CS211user14|lsss h for help or q to quit)|OUTPUT
INPUT|CS211user14-ulab-18|U|1632337204|cs211user14|/home/CS211user14|cd task1|OUTPUT
INPUT|CS211user14-ulab-19|U|1632337206|cs211user14|/home/CS211user14|cd codes|OUTPUT
INPUT|CS211user14-ulab-20|M7|1632337208|cs211user14|/home/CS211user14/codes|cd ..|OUTPUT
INPUT|CS211user14-ulab-21|M5|1632337218|cs211user14|/home/CS211user14|cd view|OUTPUT
INPUT|CS211user14-ulab-22|M2|1632337220|cs211user14|/home/CS211user14/view|ls|OUTPUT
INPUT|CS211user14-ulab-23|M3|1632337252|cs211user14|/home/CS211user14/view|man ls|OUTPUT
INPUT|CS211user14-ulab-24|M6|1632337255|cs211user14|/home/CS211user14/view|ls -ahelp or q to quit)|OUTPUT
INPUT|CS211user14-ulab-25|U|1632337267|cs211user14|/home/CS211user14/view|cd|OUTPUT
INPUT|CS211user14-ulab-26|M0|1632337272|cs211user14|/home/CS211user14|pwd|OUTPUT
INPUT|CS211user14-ulab-27|M6|1632337287|cs211user14|/home/CS211user14|ls -a|OUTPUT
INPUT|CS211user14-ulab-28|U|1632337369|cs211user14|/home/CS211user14|cd|OUTPUT
INPUT|CS211user14-ulab-29|M7|1632337371|cs211user14|/home/CS211user14|cd ..|OUTPUT
INPUT|CS211user14-ulab-30|M2|1632337373|cs211user14|/home|ls|OUTPUT
INPUT|CS211user14-ulab-31|M6|1632337374|cs211user14|/home|ls -a|OUTPUT
INPUT|CS211user14-ulab-32|U|1632337392|cs211user14|/home|cd CS211user14|OUTPUT
INPUT|CS211user14-ulab-33|M2|1632337393|cs211user14|/home/CS211user14|ls|OUTPUT
INPUT|CS211user14-ulab-34|U|1632337396|cs211user14|/home/CS211user14|cd home|OUTPUT
INPUT|CS211user14-ulab-35|M6|1632337416|cs211user14|/home/CS211user14|ls -a|OUTPUT
INPUT|CS211user14-ulab-36|M4|1632337475|cs211user14|/home/CS211user14|ls -l|OUTPUT
INPUT|CS211user14-ulab-37|U|1632337515|cs211user14|/home/CS211user14|cd|OUTPUT
INPUT|CS211user14-ulab-38|M7|1632337517|cs211user14|/home/CS211user14|cd ..|OUTPUT
INPUT|CS211user14-ulab-39|M6|1632337519|cs211user14|/home|ls -a|OUTPUT
INPUT|CS211user14-ulab-40|U|1632337529|cs211user14|/home|cd CS211user14|OUTPUT
INPUT|CS211user14-ulab-41|M2|1632337530|cs211user14|/home/CS211user14|ls|OUTPUT
INPUT|CS211user14-ulab-42|U|1632337535|cs211user14|/home/CS211user14|cd manipulate|OUTPUT
INPUT|CS211user14-ulab-43|M2|1632337539|cs211user14|/home/CS211user14/manipulate|ls|OUTPUT
INPUT|CS211user14-ulab-44|U|1632337542|cs211user14|/home/CS211user14/manipulate|manflag|OUTPUT
INPUT|CS211user14-ulab-45|M2|1632337591|cs211user14|/home/CS211user14/manipulate|ls|OUTPUT
INPUT|CS211user14-ulab-46|M6|1632337717|cs211user14|/home/CS211user14/manipulate|ls -a|OUTPUT
INPUT|CS211user14-ulab-47|M7|1632337734|cs211user14|/home/CS211user14/manipulate|cd ..|OUTPUT
INPUT|CS211user14-ulab-48|U|1632337737|cs211user14|/home/CS211user14|cd permissions|OUTPUT
INPUT|CS211user14-ulab-49|M2|1632337738|cs211user14|/home/CS211user14/permissions|ls|OUTPUT
INPUT|CS211user14-ulab-50|U|1632337880|cs211user14|/home/CS211user14/permissions|man cp       |OUTPUT
INPUT|CS211user14-ulab-51|M6|1632337884|cs211user14|/home/CS211user14/permissions|ls -ao quit)|OUTPUT
INPUT|CS211user14-ulab-52|U|1632337897|cs211user14|/home/CS211user14/permissions|cp perm1.txt copied_perm1.txt|OUTPUT
INPUT|CS211user14-ulab-53|M2|1632337899|cs211user14|/home/CS211user14/permissions|ls|OUTPUT
INPUT|CS211user14-ulab-54|U|1632337953|cs211user14|/home/CS211user14/permissions|chmod copied_perm1.txt 660|OUTPUT
INPUT|CS211user14-ulab-55|M11|1632337969|cs211user14|/home/CS211user14/permissions|chmod 660 copied_perm1.txt    |OUTPUT
INPUT|CS211user14-ulab-56|M2|1632337978|cs211user14|/home/CS211user14/permissions|ls|OUTPUT
INPUT|CS211user14-ulab-57|U|1632337989|cs211user14|/home/CS211user14/permissions|cp perm2.txt copied_perm2.txt|OUTPUT
INPUT|CS211user14-ulab-58|U|1632338036|cs211user14|/home/CS211user14/permissions|cmod 764 copied_perm2.txt|OUTPUT
INPUT|CS211user14-ulab-59|M12|1632338043|cs211user14|/home/CS211user14/permissions|chmod 764 copied_perm2.txt|OUTPUT
INPUT|CS211user14-ulab-60|U|1632338049|cs211user14|/home/CS211user14/permissions|perflag|OUTPUT
INPUT|CS211user14-ulab-61|U|1632338068|cs211user14|/home/CS211user14/permissions|cd|OUTPUT
INPUT|CS211user14-ulab-62|M2|1632338070|cs211user14|/home/CS211user14|ls|OUTPUT
INPUT|CS211user14-ulab-63|U|1632338072|cs211user14|/home/CS211user14|cd manipulate|OUTPUT
INPUT|CS211user14-ulab-64|M2|1632338075|cs211user14|/home/CS211user14/manipulate|ls|OUTPUT
INPUT|CS211user14-ulab-65|U|1632338091|cs211user14|/home/CS211user14/manipulate|cp file1.txt copied_file1.txt|OUTPUT
INPUT|CS211user14-ulab-66|M10|1632338104|cs211user14|/home/CS211user14/manipulate|cp file2.txt copied_file2.txt|OUTPUT
INPUT|CS211user14-ulab-67|U|1632338160|cs211user14|/home/CS211user14/manipulate|chmod 660 copied_file1.txt    |OUTPUT
INPUT|CS211user14-ulab-68|U|1632338169|cs211user14|/home/CS211user14/manipulate|chmod 764 copied_file2.txt |OUTPUT
INPUT|CS211user14-ulab-69|U|1632338179|cs211user14|/home/CS211user14/manipulate|manflag|OUTPUT
INPUT|CS211user14-ulab-70|M2|1632338196|cs211user14|/home/CS211user14/manipulate|ls|OUTPUT
INPUT|CS211user14-ulab-71|U|1632338244|cs211user14|/home/CS211user14/manipulate|cp copied_file1.txt renamed_file1.txt|OUTPUT
INPUT|CS211user14-ulab-72|U|1632338285|cs211user14|/home/CS211user14/manipulate|mv copied_file1.txt renamed_file2.txt|OUTPUT
INPUT|CS211user14-ulab-73|U|1632338289|cs211user14|/home/CS211user14/manipulate|manflag|OUTPUT
INPUT|CS211user14-ulab-74|M2|1632338292|cs211user14|/home/CS211user14/manipulate|ls|OUTPUT
INPUT|CS211user14-ulab-75|U|1632338303|cs211user14|/home/CS211user14/manipulate|rm file1.txt|OUTPUT
INPUT|CS211user14-ulab-76|U|1632338307|cs211user14|/home/CS211user14/manipulate|manflag|OUTPUT
INPUT|CS211user14-ulab-77|M2|1632338364|cs211user14|/home/CS211user14/manipulate|ls|OUTPUT
INPUT|CS211user14-ulab-78|U|1632338385|cs211user14|/home/CS211user14/manipulate|rm renamed_file2.txt |OUTPUT
INPUT|CS211user14-ulab-79|U|1632338388|cs211user14|/home/CS211user14/manipulate|manflag|OUTPUT
INPUT|CS211user14-ulab-80|M2|1632338392|cs211user14|/home/CS211user14/manipulate|ls|OUTPUT
