INPUT|cs211user19-ulab-0|U|1632336999|cs211user19|/home/CS211user19|cat instructions.txt|OUTPUT
INPUT|CS211user19-ulab-1|U|1632336999|cs211user19|/home/CS211user19|cat task1|OUTPUT
INPUT|CS211user19-ulab-2|M0|1632337011|cs211user19|/home/CS211user19|pwd|OUTPUT
INPUT|CS211user19-ulab-3|U|1632337033|cs211user19|/home/CS211user19|cat task2|OUTPUT
INPUT|CS211user19-ulab-4|M1|1632337088|cs211user19|/home/CS211user19|man pwd|OUTPUT
INPUT|CS211user19-ulab-5|U|1632337124|cs211user19|/home/CS211user19|cat task3r help or q to quit)K|OUTPUT
INPUT|CS211user19-ulab-6|M2|1632337127|cs211user19|/home/CS211user19|ls|OUTPUT
INPUT|CS211user19-ulab-7|U|1632337146|cs211user19|/home/CS211user19|cat task4|OUTPUT
INPUT|CS211user19-ulab-8|M3|1632337294|cs211user19|/home/CS211user19|$ man ls|OUTPUT
INPUT|CS211user19-ulab-9|M3|1632337355|cs211user19|/home/CS211user19|man lsfor help or q to quit)|OUTPUT
INPUT|CS211user19-ulab-10|M3|1632337393|cs211user19|/home/CS211user19|man lsfor help or q to quit)|OUTPUT
INPUT|CS211user19-ulab-11|M4|1632337407|cs211user19|/home/CS211user19|ls -lh for help or q to quit)|OUTPUT
INPUT|CS211user19-ulab-12|U|1632337453|cs211user19|/home/CS211user19|cat task5|OUTPUT
INPUT|CS211user19-ulab-13|M2|1632337468|cs211user19|/home/CS211user19|ls|OUTPUT
INPUT|CS211user19-ulab-14|M5|1632337473|cs211user19|/home/CS211user19|cd view|OUTPUT
INPUT|CS211user19-ulab-15|M2|1632337474|cs211user19|/home/CS211user19/view|ls|OUTPUT
INPUT|CS211user19-ulab-16|U|1632337502|cs211user19|/home/CS211user19/view|cat task6|OUTPUT
INPUT|CS211user19-ulab-17|M3|1632337518|cs211user19|/home/CS211user19/view|man ls|OUTPUT
INPUT|CS211user19-ulab-18|M6|1632337537|cs211user19|/home/CS211user19/view|ls -ahelp or q to quit)|OUTPUT
INPUT|CS211user19-ulab-19|U|1632337569|cs211user19|/home/CS211user19/view|cs view|OUTPUT
INPUT|CS211user19-ulab-20|M5|1632337573|cs211user19|/home/CS211user19/view|cd view|OUTPUT
INPUT|CS211user19-ulab-21|M2|1632337577|cs211user19|/home/CS211user19/view|ls|OUTPUT
INPUT|CS211user19-ulab-22|M7|1632337579|cs211user19|/home/CS211user19/view|cd ..|OUTPUT
INPUT|CS211user19-ulab-23|M2|1632337581|cs211user19|/home/CS211user19|ls|OUTPUT
INPUT|CS211user19-ulab-24|M5|1632337584|cs211user19|/home/CS211user19|cd view|OUTPUT
INPUT|CS211user19-ulab-25|M6|1632337587|cs211user19|/home/CS211user19/view|ls -a|OUTPUT
INPUT|CS211user19-ulab-26|U|1632337606|cs211user19|/home/CS211user19/view|cat task7|OUTPUT
INPUT|CS211user19-ulab-27|U|1632337617|cs211user19|/home/CS211user19/view|man cat|OUTPUT
INPUT|CS211user19-ulab-28|M7|1632337631|cs211user19|/home/CS211user19/view|cd .. help or q to quit)|OUTPUT
INPUT|CS211user19-ulab-29|M0|1632337634|cs211user19|/home/CS211user19|pwd|OUTPUT
INPUT|CS211user19-ulab-30|U|1632337656|cs211user19|/home/CS211user19|cat task8|OUTPUT
INPUT|CS211user19-ulab-31|M8|1632337814|cs211user19|/home/CS211user19|ls -l -a|OUTPUT
INPUT|CS211user19-ulab-32|U|1632337930|cs211user19|/home/CS211user19|cat task9|OUTPUT
INPUT|CS211user19-ulab-33|U|1632337948|cs211user19|/home/CS211user19|cd manipulate|OUTPUT
INPUT|CS211user19-ulab-34|M2|1632337953|cs211user19|/home/CS211user19/manipulate|ls|OUTPUT
INPUT|CS211user19-ulab-35|U|1632338009|cs211user19|/home/CS211user19/manipulate|man mv|OUTPUT
INPUT|CS211user19-ulab-36|U|1632338276|cs211user19|/home/CS211user19/manipulate|man mvr q to quit)|OUTPUT
INPUT|CS211user19-ulab-37|M9|1632338300|cs211user19|/home/CS211user19/manipulate|mv file1.txt renamed_file1.txt|OUTPUT
INPUT|CS211user19-ulab-38|U|1632338316|cs211user19|/home/CS211user19/manipulate|man cp|OUTPUT
INPUT|CS211user19-ulab-39|M10|1632338341|cs211user19|/home/CS211user19/manipulate|cp file2.txt copied_file2.txt|OUTPUT
INPUT|CS211user19-ulab-40|U|1632338349|cs211user19|/home/CS211user19/manipulate|manflag|OUTPUT
INPUT|CS211user19-ulab-41|U|1632338388|cs211user19|/home/CS211user19/manipulate|cd..|OUTPUT
INPUT|CS211user19-ulab-42|M7|1632338392|cs211user19|/home/CS211user19/manipulate|cd ..|OUTPUT
INPUT|CS211user19-ulab-43|M0|1632338395|cs211user19|/home/CS211user19|pwd|OUTPUT
INPUT|CS211user19-ulab-44|M7|1632338402|cs211user19|/home/CS211user19|cd ..|OUTPUT
INPUT|CS211user19-ulab-45|M2|1632338404|cs211user19|/home|ls|OUTPUT
INPUT|CS211user19-ulab-46|U|1632338412|cs211user19|/home|cd permissions|OUTPUT
INPUT|CS211user19-ulab-47|U|1632338426|cs211user19|/home|cd CS211user19|OUTPUT
INPUT|CS211user19-ulab-48|M2|1632338428|cs211user19|/home/CS211user19|ls|OUTPUT
INPUT|CS211user19-ulab-49|U|1632338433|cs211user19|/home/CS211user19|cd permissions|OUTPUT
INPUT|CS211user19-ulab-50|U|1632338444|cs211user19|/home/CS211user19/permissions|cat task10|OUTPUT
