INPUT|cs211user4-ulab-0|M0|1632336861|cs211user4|/home/CS211user4|pwd|OUTPUT
INPUT|CS211user4-ulab-1|M3|1632336861|cs211user4|/home/CS211user4|man ls|OUTPUT
INPUT|CS211user4-ulab-2|M2|1632336862|cs211user4|/home/CS211user4|lsress h for help or q to quit)|OUTPUT
INPUT|CS211user4-ulab-3|M2|1632336920|cs211user4|/home/CS211user4|ls view|OUTPUT
INPUT|CS211user4-ulab-4|M6|1632336941|cs211user4|/home/CS211user4|ls -a|OUTPUT
INPUT|CS211user4-ulab-5|M6|1632336976|cs211user4|/home/CS211user4|ls -a view|OUTPUT
INPUT|CS211user4-ulab-6|M7|1632336994|cs211user4|/home/CS211user4|cd ..|OUTPUT
INPUT|CS211user4-ulab-7|M0|1632336995|cs211user4|/home|pwd|OUTPUT
INPUT|CS211user4-ulab-8|M7|1632337032|cs211user4|/home|cd ..|OUTPUT
INPUT|CS211user4-ulab-9|M0|1632337034|cs211user4|/|pwd|OUTPUT
INPUT|CS211user4-ulab-10|U|1632337044|cs211user4|/|cd|OUTPUT
INPUT|CS211user4-ulab-11|M0|1632337046|cs211user4|/home/CS211user4|pwd|OUTPUT
INPUT|CS211user4-ulab-12|M6|1632337243|cs211user4|/home/CS211user4|ls -a|OUTPUT
INPUT|CS211user4-ulab-13|U|1632337267|cs211user4|/home/CS211user4|cd manipulate/|OUTPUT
INPUT|CS211user4-ulab-14|U|1632337273|cs211user4|/home/CS211user4/manipulate|manflag|OUTPUT
INPUT|CS211user4-ulab-15|M7|1632337301|cs211user4|/home/CS211user4/manipulate|cd ..|OUTPUT
INPUT|CS211user4-ulab-16|U|1632337304|cs211user4|/home/CS211user4|cd|OUTPUT
INPUT|CS211user4-ulab-17|M2|1632337306|cs211user4|/home/CS211user4|ls|OUTPUT
INPUT|CS211user4-ulab-18|U|1632337311|cs211user4|/home/CS211user4|cat instructions.txt |OUTPUT
INPUT|CS211user4-ulab-19|U|1632337319|cs211user4|/home/CS211user4|cat task1|OUTPUT
INPUT|CS211user4-ulab-20|U|1632337323|cs211user4|/home/CS211user4|cat tasl2|OUTPUT
INPUT|CS211user4-ulab-21|U|1632337325|cs211user4|/home/CS211user4|cat task2|OUTPUT
INPUT|CS211user4-ulab-22|U|1632337331|cs211user4|/home/CS211user4|cat task3|OUTPUT
INPUT|CS211user4-ulab-23|U|1632337345|cs211user4|/home/CS211user4|cat task4|OUTPUT
INPUT|CS211user4-ulab-24|U|1632337350|cs211user4|/home/CS211user4|$ cat task5|OUTPUT
INPUT|CS211user4-ulab-25|U|1632337355|cs211user4|/home/CS211user4|cat task6|OUTPUT
INPUT|CS211user4-ulab-26|M5|1632337364|cs211user4|/home/CS211user4|cd view|OUTPUT
INPUT|CS211user4-ulab-27|U|1632337366|cs211user4|/home/CS211user4/view|cat task6|OUTPUT
INPUT|CS211user4-ulab-28|U|1632337375|cs211user4|/home/CS211user4/view|cat task7|OUTPUT
INPUT|CS211user4-ulab-29|M7|1632337385|cs211user4|/home/CS211user4/view|cd ..|OUTPUT
INPUT|CS211user4-ulab-30|U|1632337387|cs211user4|/home/CS211user4|cat task8|OUTPUT
INPUT|CS211user4-ulab-31|U|1632337398|cs211user4|/home/CS211user4|cat task9|OUTPUT
INPUT|CS211user4-ulab-32|U|1632337412|cs211user4|/home/CS211user4|cd manipulate/|OUTPUT
INPUT|CS211user4-ulab-33|U|1632337417|cs211user4|/home/CS211user4/manipulate|mv file|OUTPUT
INPUT|CS211user4-ulab-34|M9|1632337422|cs211user4|/home/CS211user4/manipulate|mv file1.txt renamed_file1.txt|OUTPUT
INPUT|CS211user4-ulab-35|M10|1632337433|cs211user4|/home/CS211user4/manipulate|cp file2.txt copied_file2.txt|OUTPUT
INPUT|CS211user4-ulab-36|U|1632337444|cs211user4|/home/CS211user4/manipulate|manflag|OUTPUT
INPUT|CS211user4-ulab-37|M7|1632337470|cs211user4|/home/CS211user4/manipulate|cd ../permissions/|OUTPUT
INPUT|CS211user4-ulab-38|U|1632337474|cs211user4|/home/CS211user4/permissions|cat task10|OUTPUT
INPUT|CS211user4-ulab-39|M2|1632337480|cs211user4|/home/CS211user4/permissions|ls|OUTPUT
INPUT|CS211user4-ulab-40|U|1632337527|cs211user4|/home/CS211user4/permissions|cp perm1.txt copied_perm1.txt|OUTPUT
INPUT|CS211user4-ulab-41|M11|1632337547|cs211user4|/home/CS211user4/permissions|chmod 660 copied_perm1.txt |OUTPUT
INPUT|CS211user4-ulab-42|U|1632337557|cs211user4|/home/CS211user4/permissions|cp perm2.txt copied_perm2.txt |OUTPUT
INPUT|CS211user4-ulab-43|U|1632337567|cs211user4|/home/CS211user4/permissions|chmod 764|OUTPUT
INPUT|CS211user4-ulab-44|M12|1632337573|cs211user4|/home/CS211user4/permissions|0m$ chmod 764 copied_perm2.txt|OUTPUT
INPUT|CS211user4-ulab-45|U|1632337580|cs211user4|/home/CS211user4/permissions|perflag|OUTPUT
INPUT|CS211user4-ulab-46|U|1632337832|cs211user4|/home/CS211user4/permissions|cd /|OUTPUT
INPUT|CS211user4-ulab-47|M6|1632337835|cs211user4|/|ls -a|OUTPUT
INPUT|CS211user4-ulab-48|U|1632337862|cs211user4|/|cd python/|OUTPUT
INPUT|CS211user4-ulab-49|M2|1632337864|cs211user4|/python|ls|OUTPUT
INPUT|CS211user4-ulab-50|U|1632337873|cs211user4|/python|cd manflag|OUTPUT
INPUT|CS211user4-ulab-51|U|1632337880|cs211user4|/python|file manflag |OUTPUT
INPUT|CS211user4-ulab-52|U|1632338058|cs211user4|/python|less manflag|OUTPUT
INPUT|CS211user4-ulab-53|U|1632338075|cs211user4|/python|find / "manipulate.txt"|OUTPUT
INPUT|CS211user4-ulab-54|U|1632338077|cs211user4|/python|/var/cache/man/zh/cat1|OUTPUT
INPUT|CS211user4-ulab-55|U|1632338077|cs211user4|/python|clear|OUTPUT
INPUT|CS211user4-ulab-56|U|1632338082|cs211user4|/python|name "manipulate.txt"t"|OUTPUT
INPUT|CS211user4-ulab-57|U|1632338082|cs211user4|/python|Permission denied|OUTPUT
INPUT|CS211user4-ulab-58|U|1632338082|cs211user4|/python|s/manipulate.txt|OUTPUT
INPUT|CS211user4-ulab-59|U|1632338089|cs211user4|/python|find / -name "manipulate.txt" 2>/dev/null|OUTPUT
INPUT|CS211user4-ulab-60|U|1632338113|cs211user4|/python|cat /files/codes/manipulate.txt |OUTPUT
INPUT|CS211user4-ulab-61|U|1632338124|cs211user4|/python|cd /files/codes/|OUTPUT
INPUT|CS211user4-ulab-62|M2|1632338125|cs211user4|/files/codes|ls|OUTPUT
INPUT|CS211user4-ulab-63|U|1632338130|cs211user4|/files/codes|file manipulate.txt |OUTPUT
INPUT|CS211user4-ulab-64|U|1632338134|cs211user4|/files/codes|file permissions.txt|OUTPUT
INPUT|CS211user4-ulab-65|M4|1632338136|cs211user4|/files/codes|ls -l|OUTPUT
INPUT|CS211user4-ulab-66|U|1632338147|cs211user4|/files/codes|cd /|OUTPUT
INPUT|CS211user4-ulab-67|U|1632338151|cs211user4|/|cd python/|OUTPUT
INPUT|CS211user4-ulab-68|M2|1632338152|cs211user4|/python|ls|OUTPUT
INPUT|CS211user4-ulab-69|U|1632338174|cs211user4|/python|less perflag |OUTPUT
INPUT|CS211user4-ulab-70|U|1632338190|cs211user4|/python|cd /home/CS211user26|OUTPUT
INPUT|CS211user4-ulab-71|M2|1632338191|cs211user4|/home/CS211user26|ls|OUTPUT
INPUT|CS211user4-ulab-72|U|1632338200|cs211user4|/home/CS211user26|cd codes/|OUTPUT
INPUT|CS211user4-ulab-73|U|1632338204|cs211user4|/home/CS211user26/codes|cat manipulate.txt |OUTPUT
INPUT|CS211user4-ulab-74|M7|1632338209|cs211user4|/home/CS211user26/codes|cd ..|OUTPUT
INPUT|CS211user4-ulab-75|U|1632338215|cs211user4|/home/CS211user26|cd /home|OUTPUT
INPUT|CS211user4-ulab-76|M2|1632338224|cs211user4|/home|ls|OUTPUT
INPUT|CS211user4-ulab-77|U|1632338228|cs211user4|/home|cd ubuntu/|OUTPUT
INPUT|CS211user4-ulab-78|M2|1632338229|cs211user4|/home/ubuntu|ls|OUTPUT
INPUT|CS211user4-ulab-79|U|1632338236|cs211user4|/home/ubuntu|cd change_root_pass |OUTPUT
INPUT|CS211user4-ulab-80|U|1632338241|cs211user4|/home/ubuntu|file change_root_pass |OUTPUT
INPUT|CS211user4-ulab-81|U|1632338248|cs211user4|/home/ubuntu|cat change_root_pass |OUTPUT
INPUT|CS211user4-ulab-82|M4|1632338266|cs211user4|/home/ubuntu|ls -l|OUTPUT
INPUT|CS211user4-ulab-83|U|1632338276|cs211user4|/home/ubuntu|cat milestones.txt |OUTPUT
INPUT|CS211user4-ulab-84|U|1632338282|cs211user4|/home/ubuntu|clear|OUTPUT
INPUT|CS211user4-ulab-85|M4|1632338283|cs211user4|/home/ubuntu|ls -l|OUTPUT
INPUT|CS211user4-ulab-86|U|1632338287|cs211user4|/home/ubuntu|cat change_root_pass |OUTPUT
INPUT|CS211user4-ulab-87|M7|1632338346|cs211user4|/home/ubuntu|cd ..|OUTPUT
INPUT|CS211user4-ulab-88|M2|1632338347|cs211user4|/home|ls|OUTPUT
INPUT|CS211user4-ulab-89|M2|1632338366|cs211user4|/home|ls CS211user1 -l|OUTPUT
INPUT|CS211user4-ulab-90|U|1632338422|cs211user4|/home|man ssh|OUTPUT
INPUT|CS211user4-ulab-91|U|1632338440|cs211user4|/home|cd /h for help or q to quit)|OUTPUT
INPUT|CS211user4-ulab-92|M2|1632338441|cs211user4|/|ls|OUTPUT
INPUT|CS211user4-ulab-93|U|1632338443|cs211user4|/|cd python/|OUTPUT
INPUT|CS211user4-ulab-94|M2|1632338444|cs211user4|/python|ls|OUTPUT
INPUT|CS211user4-ulab-95|M4|1632338449|cs211user4|/python|ls -l|OUTPUT
INPUT|CS211user4-ulab-96|M7|1632338475|cs211user4|/python|cd ../files/|OUTPUT
INPUT|CS211user4-ulab-97|M2|1632338476|cs211user4|/files|ls|OUTPUT
INPUT|CS211user4-ulab-98|U|1632338481|cs211user4|/files|file task|OUTPUT
INPUT|CS211user4-ulab-99|U|1632338485|cs211user4|/files|file task1|OUTPUT
INPUT|CS211user4-ulab-100|U|1632338489|cs211user4|/files|cat task1|OUTPUT
INPUT|CS211user4-ulab-101|M4|1632338495|cs211user4|/files|ls -l task1|OUTPUT
INPUT|CS211user4-ulab-102|U|1632338642|cs211user4|/files|vim task1|OUTPUT
INPUT|CS211user4-ulab-103|U|1632338644|cs211user4|/files|clear|OUTPUT
INPUT|CS211user4-ulab-104|M2|1632338645|cs211user4|/files|ls|OUTPUT
INPUT|CS211user4-ulab-105|U|1632338675|cs211user4|/files|vim task1|OUTPUT
INPUT|CS211user4-ulab-106|M4|1632338681|cs211user4|/files|ls -l|OUTPUT
INPUT|CS211user4-ulab-107|U|1632338700|cs211user4|/files|cd /|OUTPUT
INPUT|CS211user4-ulab-108|U|1632338702|cs211user4|/|clear|OUTPUT
INPUT|CS211user4-ulab-109|M2|1632338702|cs211user4|/|ls|OUTPUT
INPUT|CS211user4-ulab-110|U|1632338707|cs211user4|/|cd python/|OUTPUT
INPUT|CS211user4-ulab-111|M2|1632338708|cs211user4|/python|ls|OUTPUT
INPUT|CS211user4-ulab-112|M4|1632338711|cs211user4|/python|ls -l|OUTPUT
INPUT|CS211user4-ulab-113|M7|1632338718|cs211user4|/python|cd ..|OUTPUT
INPUT|CS211user4-ulab-114|M2|1632338719|cs211user4|/|ls|OUTPUT
INPUT|CS211user4-ulab-115|U|1632338756|cs211user4|/|cd files|OUTPUT
INPUT|CS211user4-ulab-116|M2|1632338757|cs211user4|/files|ls|OUTPUT
INPUT|CS211user4-ulab-117|U|1632338767|cs211user4|/files|chmod 777 task1 |OUTPUT
INPUT|CS211user4-ulab-118|U|1632338786|cs211user4|/files|chmod 777 task1 |OUTPUT
INPUT|CS211user4-ulab-119|M7|1632338795|cs211user4|/files|cd ..|OUTPUT
INPUT|CS211user4-ulab-120|M2|1632338797|cs211user4|/|ls|OUTPUT
