INPUT|cs211user21-ulab-0|M2|1632336934|cs211user21|/home/CS211user21|ls|OUTPUT
INPUT|CS211user21-ulab-1|U|1632336934|cs211user21|/home/CS211user21|open instructions.txt|OUTPUT
INPUT|CS211user21-ulab-2|M0|1632336952|cs211user21|/home/CS211user21|pwd|OUTPUT
INPUT|CS211user21-ulab-3|U|1632336984|cs211user21|/home/CS211user21|. man|OUTPUT
INPUT|CS211user21-ulab-4|U|1632336987|cs211user21|/home/CS211user21|man .|OUTPUT
INPUT|CS211user21-ulab-5|U|1632337028|cs211user21|/home/CS211user21|man cd|OUTPUT
INPUT|CS211user21-ulab-6|M7|1632337067|cs211user21|/home/CS211user21|cd ..ess h for help or q to quit) quit)|OUTPUT
INPUT|CS211user21-ulab-7|M2|1632337070|cs211user21|/home|ls|OUTPUT
INPUT|CS211user21-ulab-8|U|1632337122|cs211user21|/home|cd User21|OUTPUT
INPUT|CS211user21-ulab-9|U|1632337131|cs211user21|/home|cd CS211user21|OUTPUT
INPUT|CS211user21-ulab-10|M2|1632337132|cs211user21|/home/CS211user21|ls|OUTPUT
INPUT|CS211user21-ulab-11|M5|1632337185|cs211user21|/home/CS211user21|cd view|OUTPUT
INPUT|CS211user21-ulab-12|M2|1632337186|cs211user21|/home/CS211user21/view|ls|OUTPUT
INPUT|CS211user21-ulab-13|M6|1632337235|cs211user21|/home/CS211user21/view|ls -a|OUTPUT
INPUT|CS211user21-ulab-14|M7|1632337259|cs211user21|/home/CS211user21/view|cd ..|OUTPUT
INPUT|CS211user21-ulab-15|M7|1632337262|cs211user21|/home/CS211user21|cd ..|OUTPUT
INPUT|CS211user21-ulab-16|M0|1632337266|cs211user21|/home|pwd|OUTPUT
INPUT|CS211user21-ulab-17|M7|1632337284|cs211user21|/home|cd ..|OUTPUT
INPUT|CS211user21-ulab-18|M0|1632337290|cs211user21|/|pwd|OUTPUT
INPUT|CS211user21-ulab-19|M7|1632337300|cs211user21|/|cd ..|OUTPUT
INPUT|CS211user21-ulab-20|M0|1632337303|cs211user21|/|pwd|OUTPUT
INPUT|CS211user21-ulab-21|M6|1632337340|cs211user21|/|ls -a|OUTPUT
INPUT|CS211user21-ulab-22|U|1632337374|cs211user21|/|cd home|OUTPUT
INPUT|CS211user21-ulab-23|M6|1632337378|cs211user21|/home|ls -a|OUTPUT
INPUT|CS211user21-ulab-24|U|1632337411|cs211user21|/home|cd CS211user21|OUTPUT
INPUT|CS211user21-ulab-25|M6|1632337414|cs211user21|/home/CS211user21|ls -a|OUTPUT
INPUT|CS211user21-ulab-26|M7|1632337426|cs211user21|/home/CS211user21|cd ..|OUTPUT
INPUT|CS211user21-ulab-27|M6|1632337428|cs211user21|/home|ls -a|OUTPUT
INPUT|CS211user21-ulab-28|U|1632337543|cs211user21|/home|cd CS211user21|OUTPUT
INPUT|CS211user21-ulab-29|M2|1632337544|cs211user21|/home/CS211user21|ls|OUTPUT
INPUT|CS211user21-ulab-30|U|1632337551|cs211user21|/home/CS211user21|cd manipulate|OUTPUT
INPUT|CS211user21-ulab-31|U|1632337556|cs211user21|/home/CS211user21/manipulate|manflag|OUTPUT
INPUT|CS211user21-ulab-32|M2|1632337697|cs211user21|/home/CS211user21/manipulate|ls|OUTPUT
INPUT|CS211user21-ulab-33|U|1632337776|cs211user21|/home/CS211user21/manipulate|cp perm1.txt copied_perm1.txt|OUTPUT
INPUT|CS211user21-ulab-34|U|1632337811|cs211user21|/home/CS211user21/manipulate|cp man|OUTPUT
INPUT|CS211user21-ulab-35|U|1632337838|cs211user21|/home/CS211user21/manipulate|man cp|OUTPUT
INPUT|CS211user21-ulab-36|U|1632337857|cs211user21|/home/CS211user21/manipulate|cp perm1.txt -t permissions copied_perm1.txt|OUTPUT
INPUT|CS211user21-ulab-37|U|1632337871|cs211user21|/home/CS211user21/manipulate|cd\|OUTPUT
INPUT|CS211user21-ulab-38|M2|1632337873|cs211user21|/home/CS211user21|ls|OUTPUT
INPUT|CS211user21-ulab-39|U|1632337877|cs211user21|/home/CS211user21|cd permissions|OUTPUT
INPUT|CS211user21-ulab-40|M0|1632337880|cs211user21|/home/CS211user21/permissions|pwd|OUTPUT
INPUT|CS211user21-ulab-41|U|1632337916|cs211user21|/home/CS211user21/permissions|cd\|OUTPUT
INPUT|CS211user21-ulab-42|U|1632337918|cs211user21|/home/CS211user21|cd manual|OUTPUT
INPUT|CS211user21-ulab-43|U|1632337921|cs211user21|/home/CS211user21|clear|OUTPUT
INPUT|CS211user21-ulab-44|M2|1632337922|cs211user21|/home/CS211user21|ls|OUTPUT
INPUT|CS211user21-ulab-45|U|1632337925|cs211user21|/home/CS211user21|cd manipulate|OUTPUT
INPUT|CS211user21-ulab-46|U|1632337957|cs211user21|/home/CS211user21/manipulate|cp perm1.txt -t /home/CS211user21/permissions copied_perm1.txt|OUTPUT
INPUT|CS211user21-ulab-47|U|1632338003|cs211user21|/home/CS211user21/manipulate|clear|OUTPUT
INPUT|CS211user21-ulab-48|U|1632338006|cs211user21|/home/CS211user21/manipulate|cd\|OUTPUT
INPUT|CS211user21-ulab-49|U|1632338008|cs211user21|/home/CS211user21|clear|OUTPUT
INPUT|CS211user21-ulab-50|M2|1632338009|cs211user21|/home/CS211user21|ls|OUTPUT
INPUT|CS211user21-ulab-51|U|1632338012|cs211user21|/home/CS211user21|cd permissions|OUTPUT
INPUT|CS211user21-ulab-52|M2|1632338013|cs211user21|/home/CS211user21/permissions|ls|OUTPUT
INPUT|CS211user21-ulab-53|U|1632338023|cs211user21|/home/CS211user21/permissions|cd perm1.txt copied_perm1.txt|OUTPUT
INPUT|CS211user21-ulab-54|U|1632338029|cs211user21|/home/CS211user21/permissions|cp perm1.txt copied_perm1.txt|OUTPUT
INPUT|CS211user21-ulab-55|M2|1632338031|cs211user21|/home/CS211user21/permissions|ls|OUTPUT
INPUT|CS211user21-ulab-56|M11|1632338114|cs211user21|/home/CS211user21/permissions|chmod 660 copied_perm1.txt|OUTPUT
INPUT|CS211user21-ulab-57|U|1632338165|cs211user21|/home/CS211user21/permissions|cp perm2.txt copied_perm2.txt|OUTPUT
INPUT|CS211user21-ulab-58|M12|1632338188|cs211user21|/home/CS211user21/permissions|chmod 764 copied_perm2.txt|OUTPUT
INPUT|CS211user21-ulab-59|U|1632338195|cs211user21|/home/CS211user21/permissions|perflag|OUTPUT
INPUT|CS211user21-ulab-60|U|1632338405|cs211user21|/home/CS211user21/permissions|cd\|OUTPUT
INPUT|CS211user21-ulab-61|U|1632338409|cs211user21|/home/CS211user21|cd manipulate|OUTPUT
INPUT|CS211user21-ulab-62|M2|1632338411|cs211user21|/home/CS211user21/manipulate|ls|OUTPUT
INPUT|CS211user21-ulab-63|U|1632338457|cs211user21|/home/CS211user21/manipulate|manflag|OUTPUT
INPUT|CS211user21-ulab-64|M9|1632338483|cs211user21|/home/CS211user21/manipulate|mv file1.txt renamed_file1.txt|OUTPUT
INPUT|CS211user21-ulab-65|M10|1632338494|cs211user21|/home/CS211user21/manipulate|cp file2.txt copied_file2.txt|OUTPUT
