INPUT|cs211user22-ulab-0|M2|1632336783|cs211user22|/home/CS211user22|ls|OUTPUT
INPUT|CS211user22-ulab-1|M0|1632336783|cs211user22|/home/CS211user22|pwd|OUTPUT
INPUT|CS211user22-ulab-2|U|1632336826|cs211user22|/home/CS211user22|man dir|OUTPUT
INPUT|CS211user22-ulab-3|U|1632336921|cs211user22|/home/CS211user22|man (END) (press h for help or q to quit)|OUTPUT
INPUT|CS211user22-ulab-4|U|1632336926|cs211user22|/home/CS211user22|cd|OUTPUT
INPUT|CS211user22-ulab-5|U|1632336928|cs211user22|/home/CS211user22|man|OUTPUT
INPUT|CS211user22-ulab-6|U|1632336929|cs211user22|/home/CS211user22|man|OUTPUT
INPUT|CS211user22-ulab-7|U|1632336942|cs211user22|/home/CS211user22|man cd|OUTPUT
INPUT|CS211user22-ulab-8|M1|1632336985|cs211user22|/home/CS211user22|man pwds h for help or q to quit)|OUTPUT
INPUT|CS211user22-ulab-9|U|1632336986|cs211user22|/home/CS211user22|manEND) (press h for help or q to quit)|OUTPUT
INPUT|CS211user22-ulab-10|M1|1632337004|cs211user22|/home/CS211user22|man pwd|OUTPUT
INPUT|CS211user22-ulab-11|M1|1632337078|cs211user22|/home/CS211user22|man pwdress h for help or q to quit)|OUTPUT
INPUT|CS211user22-ulab-12|M1|1632337094|cs211user22|/home/CS211user22|man pwd (press h for help or q to quit)|OUTPUT
INPUT|CS211user22-ulab-13|M2|1632337094|cs211user22|/home/CS211user22|lsss h for help or q to quit)|OUTPUT
INPUT|CS211user22-ulab-14|M3|1632337182|cs211user22|/home/CS211user22|man ls|OUTPUT
INPUT|CS211user22-ulab-15|M3|1632337291|cs211user22|/home/CS211user22|man ls for help or q to quit)[K|OUTPUT
INPUT|CS211user22-ulab-16|M6|1632337292|cs211user22|/home/CS211user22|ls -a for help or q to quit)|OUTPUT
INPUT|CS211user22-ulab-17|M8|1632337336|cs211user22|/home/CS211user22|ls -all|OUTPUT
INPUT|CS211user22-ulab-18|M5|1632337361|cs211user22|/home/CS211user22|cd view|OUTPUT
INPUT|CS211user22-ulab-19|M6|1632337363|cs211user22|/home/CS211user22/view|ls -a|OUTPUT
INPUT|CS211user22-ulab-20|M7|1632337376|cs211user22|/home/CS211user22/view|cd ..|OUTPUT
INPUT|CS211user22-ulab-21|M0|1632337381|cs211user22|/home/CS211user22|pwd|OUTPUT
INPUT|CS211user22-ulab-22|M6|1632337394|cs211user22|/home/CS211user22|ls -a|OUTPUT
INPUT|CS211user22-ulab-23|U|1632337443|cs211user22|/home/CS211user22|cd hoem|OUTPUT
INPUT|CS211user22-ulab-24|U|1632337445|cs211user22|/home/CS211user22|cd home|OUTPUT
INPUT|CS211user22-ulab-25|M8|1632337450|cs211user22|/home/CS211user22|ls -all|OUTPUT
INPUT|CS211user22-ulab-26|U|1632337492|cs211user22|/home/CS211user22|cd .bash_logout|OUTPUT
INPUT|CS211user22-ulab-27|U|1632337498|cs211user22|/home/CS211user22|cd .bashrc|OUTPUT
INPUT|CS211user22-ulab-28|U|1632337513|cs211user22|/home/CS211user22|cd manipulate|OUTPUT
INPUT|CS211user22-ulab-29|U|1632337516|cs211user22|/home/CS211user22/manipulate|manflag|OUTPUT
INPUT|CS211user22-ulab-30|M2|1632337560|cs211user22|/home/CS211user22/manipulate|ls|OUTPUT
INPUT|CS211user22-ulab-31|U|1632337581|cs211user22|/home/CS211user22/manipulate|man sudo|OUTPUT
INPUT|CS211user22-ulab-32|U|1632337585|cs211user22|/home/CS211user22/manipulate|manflago quit)[K|OUTPUT
INPUT|CS211user22-ulab-33|M2|1632337624|cs211user22|/home/CS211user22/manipulate|ls|OUTPUT
INPUT|CS211user22-ulab-34|U|1632337665|cs211user22|/home/CS211user22/manipulate|man mv|OUTPUT
INPUT|CS211user22-ulab-35|U|1632337681|cs211user22|/home/CS211user22/manipulate|mv file1.txt renamed_file1|OUTPUT
INPUT|CS211user22-ulab-36|M2|1632337682|cs211user22|/home/CS211user22/manipulate|ls|OUTPUT
INPUT|CS211user22-ulab-37|U|1632337707|cs211user22|/home/CS211user22/manipulate|man cp|OUTPUT
INPUT|CS211user22-ulab-38|M10|1632337717|cs211user22|/home/CS211user22/manipulate|cp file2.txt copied_file2.txt|OUTPUT
INPUT|CS211user22-ulab-39|M2|1632337718|cs211user22|/home/CS211user22/manipulate|ls|OUTPUT
INPUT|CS211user22-ulab-40|U|1632337728|cs211user22|/home/CS211user22/manipulate|manflag|OUTPUT
INPUT|CS211user22-ulab-41|U|1632337767|cs211user22|/home/CS211user22/manipulate|mv copied_file2.txt copied_file2.tx|OUTPUT
INPUT|CS211user22-ulab-42|M2|1632337768|cs211user22|/home/CS211user22/manipulate|ls|OUTPUT
INPUT|CS211user22-ulab-43|U|1632337772|cs211user22|/home/CS211user22/manipulate|manflag|OUTPUT
INPUT|CS211user22-ulab-44|M2|1632337780|cs211user22|/home/CS211user22/manipulate|ls|OUTPUT
INPUT|CS211user22-ulab-45|U|1632337795|cs211user22|/home/CS211user22/manipulate|mv renamed_file1 renamed_file1.txt|OUTPUT
INPUT|CS211user22-ulab-46|M2|1632337797|cs211user22|/home/CS211user22/manipulate|ls|OUTPUT
INPUT|CS211user22-ulab-47|U|1632337808|cs211user22|/home/CS211user22/manipulate|mv copied_file2.txt|OUTPUT
INPUT|CS211user22-ulab-48|U|1632337819|cs211user22|/home/CS211user22/manipulate|mv copied_file2.tx copied_file2.txt|OUTPUT
INPUT|CS211user22-ulab-49|U|1632337822|cs211user22|/home/CS211user22/manipulate|manflag|OUTPUT
INPUT|CS211user22-ulab-50|M7|1632337840|cs211user22|/home/CS211user22/manipulate|cd ..|OUTPUT
INPUT|CS211user22-ulab-51|M2|1632337841|cs211user22|/home/CS211user22|ls|OUTPUT
INPUT|CS211user22-ulab-52|U|1632337846|cs211user22|/home/CS211user22|cd permissions|OUTPUT
INPUT|CS211user22-ulab-53|U|1632337850|cs211user22|/home/CS211user22/permissions|perflag|OUTPUT
INPUT|CS211user22-ulab-54|M2|1632337855|cs211user22|/home/CS211user22/permissions|ls|OUTPUT
INPUT|CS211user22-ulab-55|U|1632337867|cs211user22|/home/CS211user22/permissions|cp perm1.txt copied_perm1.txt|OUTPUT
INPUT|CS211user22-ulab-56|M2|1632337869|cs211user22|/home/CS211user22/permissions|ls|OUTPUT
INPUT|CS211user22-ulab-57|U|1632337889|cs211user22|/home/CS211user22/permissions|mv perm2.txt copied_perm2.txt|OUTPUT
INPUT|CS211user22-ulab-58|M2|1632337890|cs211user22|/home/CS211user22/permissions|ls|OUTPUT
INPUT|CS211user22-ulab-59|U|1632337916|cs211user22|/home/CS211user22/permissions|man chmod|OUTPUT
INPUT|CS211user22-ulab-60|U|1632337954|cs211user22|/home/CS211user22/permissions|chmod copied_perm2.txt -i|OUTPUT
INPUT|CS211user22-ulab-61|U|1632338028|cs211user22|/home/CS211user22/permissions|man chmod|OUTPUT
INPUT|CS211user22-ulab-62|U|1632338037|cs211user22|/home/CS211user22/permissions|chmod copied_perm2.txt |OUTPUT
INPUT|CS211user22-ulab-63|U|1632338049|cs211user22|/home/CS211user22/permissions|0m$ chmod copied_perm2.txt Owner|OUTPUT
INPUT|CS211user22-ulab-64|U|1632338268|cs211user22|/home/CS211user22/permissions|0m$ chmod copied_perm1.txt 644|OUTPUT
INPUT|CS211user22-ulab-65|U|1632338280|cs211user22|/home/CS211user22/permissions|0m$ chmod 644 copied_perm1.txt|OUTPUT
INPUT|CS211user22-ulab-66|M11|1632338344|cs211user22|/home/CS211user22/permissions|chmod 660 copied_perm1.txt|OUTPUT
INPUT|CS211user22-ulab-67|U|1632338364|cs211user22|/home/CS211user22/permissions|chmod 764 copied_perm1.txt|OUTPUT
INPUT|CS211user22-ulab-68|M11|1632338371|cs211user22|/home/CS211user22/permissions|chmod 660 copied_perm1.txt|OUTPUT
INPUT|CS211user22-ulab-69|U|1632338379|cs211user22|/home/CS211user22/permissions|chmod 764 copied perm2.txt|OUTPUT
INPUT|CS211user22-ulab-70|U|1632338391|cs211user22|/home/CS211user22/permissions|chmod 764 copied perm2.txt|OUTPUT
INPUT|CS211user22-ulab-71|M2|1632338394|cs211user22|/home/CS211user22/permissions|ls|OUTPUT
INPUT|CS211user22-ulab-72|M12|1632338406|cs211user22|/home/CS211user22/permissions|chmod 764 copied_perm2.txt|OUTPUT
INPUT|CS211user22-ulab-73|U|1632338410|cs211user22|/home/CS211user22/permissions|perflag|OUTPUT
INPUT|CS211user22-ulab-74|M2|1632338447|cs211user22|/home/CS211user22/permissions|ls|OUTPUT
INPUT|CS211user22-ulab-75|M2|1632338478|cs211user22|/home/CS211user22/permissions|ls|OUTPUT
INPUT|CS211user22-ulab-76|U|1632338486|cs211user22|/home/CS211user22/permissions|mv copied_perm2.txt perm2.txt|OUTPUT
INPUT|CS211user22-ulab-77|M2|1632338488|cs211user22|/home/CS211user22/permissions|ls|OUTPUT
INPUT|CS211user22-ulab-78|U|1632338500|cs211user22|/home/CS211user22/permissions|cp perm2.txt copied_perm2.txt|OUTPUT
INPUT|CS211user22-ulab-79|M2|1632338501|cs211user22|/home/CS211user22/permissions|ls|OUTPUT
INPUT|CS211user22-ulab-80|U|1632338510|cs211user22|/home/CS211user22/permissions|manflag|OUTPUT
INPUT|CS211user22-ulab-81|U|1632338515|cs211user22|/home/CS211user22/permissions|perflag|OUTPUT
INPUT|CS211user22-ulab-82|M11|1632338537|cs211user22|/home/CS211user22/permissions|chmod 660 copied_perm1.txt|OUTPUT
INPUT|CS211user22-ulab-83|M12|1632338544|cs211user22|/home/CS211user22/permissions|chmod 764 copied_perm2.txt|OUTPUT
INPUT|CS211user22-ulab-84|M2|1632338545|cs211user22|/home/CS211user22/permissions|ls|OUTPUT
INPUT|CS211user22-ulab-85|U|1632338550|cs211user22|/home/CS211user22/permissions|perflag|OUTPUT
