INPUT|cs211user23-ulab-0|M0|1632336950|cs211user23|/home/CS211user23|pwd|OUTPUT
INPUT|CS211user23-ulab-1|M0|1632336950|cs211user23|/home/CS211user23|man [pwd]|OUTPUT
INPUT|CS211user23-ulab-2|M1|1632336985|cs211user23|/home/CS211user23|man pwd|OUTPUT
INPUT|CS211user23-ulab-3|M2|1632336998|cs211user23|/home/CS211user23|lsss h for help or q to quit)K|OUTPUT
INPUT|CS211user23-ulab-4|M3|1632337185|cs211user23|/home/CS211user23|man ls|OUTPUT
INPUT|CS211user23-ulab-5|M3|1632337225|cs211user23|/home/CS211user23|man ls|OUTPUT
INPUT|CS211user23-ulab-6|M4|1632337228|cs211user23|/home/CS211user23|ls -lND) (press h for help or q to quit)|OUTPUT
INPUT|CS211user23-ulab-7|M5|1632337253|cs211user23|/home/CS211user23|cd view|OUTPUT
INPUT|CS211user23-ulab-8|M2|1632337256|cs211user23|/home/CS211user23/view|ls|OUTPUT
INPUT|CS211user23-ulab-9|U|1632337275|cs211user23|/home/CS211user23/view|cd|OUTPUT
INPUT|CS211user23-ulab-10|M2|1632337313|cs211user23|/home/CS211user23|ls .|OUTPUT
INPUT|CS211user23-ulab-11|M3|1632337401|cs211user23|/home/CS211user23|man ls|OUTPUT
INPUT|CS211user23-ulab-12|M6|1632337410|cs211user23|/home/CS211user23|ls -aND) (press h for help or q to quit)|OUTPUT
INPUT|CS211user23-ulab-13|M5|1632337434|cs211user23|/home/CS211user23|cd view|OUTPUT
INPUT|CS211user23-ulab-14|M6|1632337436|cs211user23|/home/CS211user23/view|ls -a|OUTPUT
INPUT|CS211user23-ulab-15|M7|1632337522|cs211user23|/home/CS211user23/view|cd ..|OUTPUT
INPUT|CS211user23-ulab-16|M7|1632337526|cs211user23|/home/CS211user23|cd ..|OUTPUT
INPUT|CS211user23-ulab-17|M0|1632337545|cs211user23|/home|pwd|OUTPUT
INPUT|CS211user23-ulab-18|M7|1632337567|cs211user23|/home|cd ..|OUTPUT
INPUT|CS211user23-ulab-19|M0|1632337569|cs211user23|/|pwd|OUTPUT
INPUT|CS211user23-ulab-20|M7|1632337582|cs211user23|/|cd .. pwd|OUTPUT
INPUT|CS211user23-ulab-21|M7|1632337618|cs211user23|/|cd ..|OUTPUT
INPUT|CS211user23-ulab-22|M0|1632337620|cs211user23|/|pwd|OUTPUT
INPUT|CS211user23-ulab-23|U|1632337623|cs211user23|/|cd|OUTPUT
INPUT|CS211user23-ulab-24|U|1632337625|cs211user23|/home/CS211user23|cd|OUTPUT
INPUT|CS211user23-ulab-25|M7|1632337627|cs211user23|/home/CS211user23|cd ..|OUTPUT
INPUT|CS211user23-ulab-26|M0|1632337633|cs211user23|/home|pwd|OUTPUT
INPUT|CS211user23-ulab-27|U|1632337657|cs211user23|/home|home/CS211user23|OUTPUT
INPUT|CS211user23-ulab-28|U|1632337664|cs211user23|/home|cd ~|OUTPUT
INPUT|CS211user23-ulab-29|M0|1632337671|cs211user23|/home/CS211user23|pwd|OUTPUT
INPUT|CS211user23-ulab-30|M6|1632337700|cs211user23|/home/CS211user23|ls -a|OUTPUT
INPUT|CS211user23-ulab-31|U|1632337708|cs211user23|/home/CS211user23|cd|OUTPUT
INPUT|CS211user23-ulab-32|U|1632337710|cs211user23|/home/CS211user23|cd home|OUTPUT
INPUT|CS211user23-ulab-33|M6|1632337716|cs211user23|/home/CS211user23|ls -a|OUTPUT
INPUT|CS211user23-ulab-34|M2|1632337754|cs211user23|/home/CS211user23|ls|OUTPUT
INPUT|CS211user23-ulab-35|M3|1632337801|cs211user23|/home/CS211user23|man ls|OUTPUT
INPUT|CS211user23-ulab-36|M6|1632337804|cs211user23|/home/CS211user23|ls -ah for help or q to quit)|OUTPUT
INPUT|CS211user23-ulab-37|M7|1632337835|cs211user23|/home/CS211user23|cd ..|OUTPUT
INPUT|CS211user23-ulab-38|M6|1632337838|cs211user23|/home|ls -a|OUTPUT
INPUT|CS211user23-ulab-39|U|1632337869|cs211user23|/home|cd|OUTPUT
INPUT|CS211user23-ulab-40|U|1632337872|cs211user23|/home/CS211user23|cd manipulate|OUTPUT
INPUT|CS211user23-ulab-41|M2|1632337875|cs211user23|/home/CS211user23/manipulate|ls|OUTPUT
INPUT|CS211user23-ulab-42|M9|1632337906|cs211user23|/home/CS211user23/manipulate|mv file1.txt renamed_file1.txt|OUTPUT
INPUT|CS211user23-ulab-43|U|1632337923|cs211user23|/home/CS211user23/manipulate|mv file2.txt remaned_file2.txt|OUTPUT
INPUT|CS211user23-ulab-44|M2|1632337924|cs211user23|/home/CS211user23/manipulate|ls|OUTPUT
INPUT|CS211user23-ulab-45|M10|1632337949|cs211user23|/home/CS211user23/manipulate|cp file2.txt copied_file2.txt|OUTPUT
INPUT|CS211user23-ulab-46|U|1632337971|cs211user23|/home/CS211user23/manipulate|cp copied_file2.txt|OUTPUT
INPUT|CS211user23-ulab-47|U|1632338065|cs211user23|/home/CS211user23/manipulate|mv remaned_file2.txt file2.txt|OUTPUT
INPUT|CS211user23-ulab-48|M2|1632338066|cs211user23|/home/CS211user23/manipulate|ls|OUTPUT
INPUT|CS211user23-ulab-49|M10|1632338091|cs211user23|/home/CS211user23/manipulate|cp file2.txt copied_file2.txt|OUTPUT
INPUT|CS211user23-ulab-50|U|1632338096|cs211user23|/home/CS211user23/manipulate|manflag|OUTPUT
INPUT|CS211user23-ulab-51|M2|1632338142|cs211user23|/home/CS211user23/manipulate|ls|OUTPUT
INPUT|CS211user23-ulab-52|U|1632338189|cs211user23|/home/CS211user23/manipulate|cp perm1.txt copied_perm1.txt|OUTPUT
INPUT|CS211user23-ulab-53|U|1632338218|cs211user23|/home/CS211user23/manipulate|~ / permissions|OUTPUT
INPUT|CS211user23-ulab-54|U|1632338224|cs211user23|/home/CS211user23/manipulate|cd|OUTPUT
INPUT|CS211user23-ulab-55|U|1632338237|cs211user23|/home/CS211user23|cd / permissions|OUTPUT
INPUT|CS211user23-ulab-56|U|1632338245|cs211user23|/|cd /permissions|OUTPUT
INPUT|CS211user23-ulab-57|M2|1632338257|cs211user23|/|ls|OUTPUT
INPUT|CS211user23-ulab-58|U|1632338269|cs211user23|/|cd permissions|OUTPUT
INPUT|CS211user23-ulab-59|U|1632338276|cs211user23|/|cd|OUTPUT
INPUT|CS211user23-ulab-60|U|1632338284|cs211user23|/home/CS211user23|cd ~/permissions/|OUTPUT
INPUT|CS211user23-ulab-61|U|1632338314|cs211user23|/home/CS211user23/permissions|cp perm1.txt copied_perm1.txt|OUTPUT
INPUT|CS211user23-ulab-62|M2|1632338319|cs211user23|/home/CS211user23/permissions|ls|OUTPUT
INPUT|CS211user23-ulab-63|U|1632338400|cs211user23|/home/CS211user23/permissions|chmod 644 copied_perm1.txt|OUTPUT
INPUT|CS211user23-ulab-64|U|1632338645|cs211user23|/home/CS211user23/permissions|chmod -rwrw copied_perm1.txt|OUTPUT
INPUT|CS211user23-ulab-65|U|1632338669|cs211user23|/home/CS211user23/permissions|cp perm2.txt copied_perm2.txt|OUTPUT
INPUT|CS211user23-ulab-66|U|1632338684|cs211user23|/home/CS211user23/permissions|chmod -rwxrwr|OUTPUT
INPUT|CS211user23-ulab-67|U|1632338695|cs211user23|/home/CS211user23/permissions|chmod -rwxrwr copied_perm2.txt|OUTPUT
INPUT|CS211user23-ulab-68|U|1632338700|cs211user23|/home/CS211user23/permissions|perflag|OUTPUT
INPUT|CS211user23-ulab-69|M2|1632338710|cs211user23|/home/CS211user23/permissions|ls|OUTPUT
INPUT|CS211user23-ulab-70|M11|1632338759|cs211user23|/home/CS211user23/permissions|chmod 660 copied_perm1.txt|OUTPUT
INPUT|CS211user23-ulab-71|M12|1632338772|cs211user23|/home/CS211user23/permissions|chmod 764 copied_perm2.txt|OUTPUT
INPUT|CS211user23-ulab-72|U|1632338779|cs211user23|/home/CS211user23/permissions|perflag|OUTPUT
