INPUT|cs211user13-ulab-0|M0|1632338762|cs211user13|/home/CS211user13|pwd|OUTPUT
INPUT|CS211user13-ulab-1|M1|1632338762|cs211user13|/home/CS211user13|man pwdd|OUTPUT
INPUT|CS211user13-ulab-2|M1|1632338872|cs211user13|/home/CS211user13|man pwd|OUTPUT
INPUT|CS211user13-ulab-3|M2|1632338874|cs211user13|/home/CS211user13|ls9% (press h for help or q to quit)[K|OUTPUT
INPUT|CS211user13-ulab-4|U|1632338887|cs211user13|/home/CS211user13|task3|OUTPUT
INPUT|CS211user13-ulab-5|U|1632338893|cs211user13|/home/CS211user13|cat task3|OUTPUT
