INPUT|CS211user5-ulab-0|M0|1632336863|cs211user5|/home/CS211user5|pwd|OUTPUT
INPUT|CS211user5-ulab-1|M2|1632336966|cs211user5|/home/CS211user5|ls|OUTPUT
INPUT|CS211user5-ulab-2|M2|1632336988|cs211user5|/home/CS211user5|ls|OUTPUT
INPUT|CS211user5-ulab-3|M3|1632337019|cs211user5|/home/CS211user5|man ls|OUTPUT
INPUT|CS211user5-ulab-4|U|1632337041|cs211user5|/home/CS211user5|cdess h for help or q to quit)|OUTPUT
INPUT|CS211user5-ulab-5|M2|1632337042|cs211user5|/home/CS211user5|ls|OUTPUT
INPUT|CS211user5-ulab-6|M5|1632337064|cs211user5|/home/CS211user5|cd view|OUTPUT
INPUT|CS211user5-ulab-7|M2|1632337065|cs211user5|/home/CS211user5/view|ls|OUTPUT
INPUT|CS211user5-ulab-8|M2|1632337081|cs211user5|/home/CS211user5/view|. ls|OUTPUT
INPUT|CS211user5-ulab-9|M3|1632337096|cs211user5|/home/CS211user5/view|man ls|OUTPUT
INPUT|CS211user5-ulab-10|U|1632337097|cs211user5|/home/CS211user5/view| h for help or q to quit)|OUTPUT
INPUT|CS211user5-ulab-11|M2|1632337101|cs211user5|/home/CS211user5/view|ls \a|OUTPUT
INPUT|CS211user5-ulab-12|M2|1632337106|cs211user5|/home/CS211user5/view|ls-a|OUTPUT
INPUT|CS211user5-ulab-13|M2|1632337109|cs211user5|/home/CS211user5/view|ls -s|OUTPUT
INPUT|CS211user5-ulab-14|M6|1632337112|cs211user5|/home/CS211user5/view|ls -a|OUTPUT
INPUT|CS211user5-ulab-15|M0|1632337189|cs211user5|/home/CS211user5/view|pwd|OUTPUT
INPUT|CS211user5-ulab-16|U|1632337239|cs211user5|/home/CS211user5/view|cd|OUTPUT
INPUT|CS211user5-ulab-17|U|1632337249|cs211user5|/home/CS211user5|cd|OUTPUT
INPUT|CS211user5-ulab-18|M0|1632337251|cs211user5|/home/CS211user5|pwd|OUTPUT
INPUT|CS211user5-ulab-19|M6|1632337261|cs211user5|/home/CS211user5|ls -a|OUTPUT
INPUT|CS211user5-ulab-20|M2|1632337308|cs211user5|/home/CS211user5|ls|OUTPUT
INPUT|CS211user5-ulab-21|M3|1632337329|cs211user5|/home/CS211user5|man ls|OUTPUT
INPUT|CS211user5-ulab-22|U|1632337330|cs211user5|/home/CS211user5|press h for help or q to quit)|OUTPUT
INPUT|CS211user5-ulab-23|M6|1632337332|cs211user5|/home/CS211user5|ls -a|OUTPUT
INPUT|CS211user5-ulab-24|M2|1632337336|cs211user5|/home/CS211user5|ls A|OUTPUT
INPUT|CS211user5-ulab-25|M2|1632337338|cs211user5|/home/CS211user5|ls -A|OUTPUT
INPUT|CS211user5-ulab-26|M6|1632337375|cs211user5|/home/CS211user5|ls -a|OUTPUT
INPUT|CS211user5-ulab-27|M8|1632337417|cs211user5|/home/CS211user5|ls -la|OUTPUT
INPUT|CS211user5-ulab-28|M2|1632337434|cs211user5|/home/CS211user5|ls|OUTPUT
INPUT|CS211user5-ulab-29|U|1632337446|cs211user5|/home/CS211user5||OUTPUT
INPUT|CS211user5-ulab-30|U|1632337474|cs211user5|/home/CS211user5|manflag|OUTPUT
INPUT|CS211user5-ulab-31|U|1632337531|cs211user5|/home/CS211user5|cd manipulate/|OUTPUT
INPUT|CS211user5-ulab-32|U|1632337534|cs211user5|/home/CS211user5/manipulate|manflag|OUTPUT
INPUT|CS211user5-ulab-33|M2|1632337592|cs211user5|/home/CS211user5/manipulate|ls|OUTPUT
INPUT|CS211user5-ulab-34|M9|1632337616|cs211user5|/home/CS211user5/manipulate|mv file1.txt renamed_file1.txt|OUTPUT
INPUT|CS211user5-ulab-35|M10|1632337635|cs211user5|/home/CS211user5/manipulate|cp file2.txt copied_file2.txt|OUTPUT
INPUT|CS211user5-ulab-36|M2|1632337636|cs211user5|/home/CS211user5/manipulate|ls|OUTPUT
INPUT|CS211user5-ulab-37|U|1632337647|cs211user5|/home/CS211user5/manipulate|manflag|OUTPUT
INPUT|CS211user5-ulab-38|U|1632337670|cs211user5|/home/CS211user5/manipulate|cd|OUTPUT
INPUT|CS211user5-ulab-39|U|1632337672|cs211user5|/home/CS211user5|cd permissions/|OUTPUT
INPUT|CS211user5-ulab-40|M2|1632337673|cs211user5|/home/CS211user5/permissions|ls|OUTPUT
INPUT|CS211user5-ulab-41|U|1632337695|cs211user5|/home/CS211user5/permissions|cp perm1.txt copied_perm1.txt|OUTPUT
INPUT|CS211user5-ulab-42|U|1632337724|cs211user5|/home/CS211user5/permissions|chmod copied_perm1.txt|OUTPUT
INPUT|CS211user5-ulab-43|U|1632337766|cs211user5|/home/CS211user5/permissions|0m$ man chmod|OUTPUT
INPUT|CS211user5-ulab-44|U|1632337767|cs211user5|/home/CS211user5/permissions|r help or q to quit)|OUTPUT
INPUT|CS211user5-ulab-45|U|1632337801|cs211user5|/home/CS211user5/permissions|chmod copied_perm1.txt 774|OUTPUT
INPUT|CS211user5-ulab-46|U|1632337807|cs211user5|/home/CS211user5/permissions|0m$ help chmod|OUTPUT
INPUT|CS211user5-ulab-47|U|1632337812|cs211user5|/home/CS211user5/permissions|chmod help|OUTPUT
INPUT|CS211user5-ulab-48|U|1632337844|cs211user5|/home/CS211user5/permissions|0m$ man chmod|OUTPUT
INPUT|CS211user5-ulab-49|U|1632337844|cs211user5|/home/CS211user5/permissions|or help or q to quit)|OUTPUT
INPUT|CS211user5-ulab-50|U|1632337880|cs211user5|/home/CS211user5/permissions|chmod copied_perm1.txt 777|OUTPUT
INPUT|CS211user5-ulab-51|U|1632337949|cs211user5|/home/CS211user5/permissions|0m$ chmod copied_perm1.txt -rwrw|OUTPUT
INPUT|CS211user5-ulab-52|U|1632337971|cs211user5|/home/CS211user5/permissions|cp perm2.txt copied_perm2.txt|OUTPUT
INPUT|CS211user5-ulab-53|U|1632337989|cs211user5|/home/CS211user5/permissions|chmod copied_perm2.txt -rwxrwr|OUTPUT
INPUT|CS211user5-ulab-54|U|1632337995|cs211user5|/home/CS211user5/permissions|perflag|OUTPUT
INPUT|CS211user5-ulab-55|U|1632338077|cs211user5|/home/CS211user5/permissions|chmod 770 copied_perm1.txt |OUTPUT
INPUT|CS211user5-ulab-56|M11|1632338093|cs211user5|/home/CS211user5/permissions|chmod 660 copied_perm1.txt |OUTPUT
INPUT|CS211user5-ulab-57|M12|1632338117|cs211user5|/home/CS211user5/permissions|chmod 764 copied_perm2.txt |OUTPUT
INPUT|CS211user5-ulab-58|U|1632338121|cs211user5|/home/CS211user5/permissions|perflag|OUTPUT
INPUT|CS211user5-ulab-59|U|1632338665|cs211user5|/home/CS211user5/permissions|cd|OUTPUT
INPUT|CS211user5-ulab-60|M2|1632338666|cs211user5|/home/CS211user5|ls|OUTPUT
INPUT|CS211user5-ulab-61|U|1632338669|cs211user5|/home/CS211user5|cd|OUTPUT
