INPUT|cs211user29-ulab-0|U|1632336987|cs211user29|/home/CS211user29|cat instructions.txt|OUTPUT
INPUT|CS211user29-ulab-1|M0|1632336987|cs211user29|/home/CS211user29|pwd|OUTPUT
INPUT|CS211user29-ulab-2|M2|1632337089|cs211user29|/home/CS211user29|ls|OUTPUT
INPUT|CS211user29-ulab-3|M6|1632337157|cs211user29|/home/CS211user29|ls -a|OUTPUT
INPUT|CS211user29-ulab-4|M7|1632337193|cs211user29|/home/CS211user29|cd ..|OUTPUT
INPUT|CS211user29-ulab-5|U|1632337246|cs211user29|/home|cd|OUTPUT
INPUT|CS211user29-ulab-6|M2|1632337247|cs211user29|/home/CS211user29|ls|OUTPUT
INPUT|CS211user29-ulab-7|M5|1632337249|cs211user29|/home/CS211user29|cd view|OUTPUT
INPUT|CS211user29-ulab-8|M6|1632337252|cs211user29|/home/CS211user29/view|ls -a|OUTPUT
INPUT|CS211user29-ulab-9|M2|1632337256|cs211user29|/home/CS211user29/view|ls|OUTPUT
INPUT|CS211user29-ulab-10|M7|1632337293|cs211user29|/home/CS211user29/view|cd ..|OUTPUT
INPUT|CS211user29-ulab-11|M0|1632337294|cs211user29|/home/CS211user29|pwd|OUTPUT
INPUT|CS211user29-ulab-12|M7|1632337301|cs211user29|/home/CS211user29|cd ..|OUTPUT
INPUT|CS211user29-ulab-13|M7|1632337307|cs211user29|/home|cd ..|OUTPUT
INPUT|CS211user29-ulab-14|M5|1632337311|cs211user29|/|cd view|OUTPUT
INPUT|CS211user29-ulab-15|M2|1632337314|cs211user29|/|ls|OUTPUT
INPUT|CS211user29-ulab-16|U|1632337333|cs211user29|/|ssh CS211user29@edurange.watzek.cloud  -p 49159|OUTPUT
INPUT|CS211user29-ulab-17|U|1632337339|cs211user29|/home/CS211user29|instructions.txt|OUTPUT
INPUT|CS211user29-ulab-18|M2|1632337340|cs211user29|/home/CS211user29|ls|OUTPUT
INPUT|CS211user29-ulab-19|M5|1632337344|cs211user29|/home/CS211user29|cd view|OUTPUT
INPUT|CS211user29-ulab-20|M6|1632337346|cs211user29|/home/CS211user29/view|ls -a|OUTPUT
INPUT|CS211user29-ulab-21|M7|1632337350|cs211user29|/home/CS211user29/view|cd ..|OUTPUT
INPUT|CS211user29-ulab-22|M0|1632337352|cs211user29|/home/CS211user29|pwd|OUTPUT
INPUT|CS211user29-ulab-23|M2|1632337372|cs211user29|/home/CS211user29|ls|OUTPUT
INPUT|CS211user29-ulab-24|U|1632337377|cs211user29|/home/CS211user29|cd ~|OUTPUT
INPUT|CS211user29-ulab-25|M6|1632337382|cs211user29|/home/CS211user29|ls -a|OUTPUT
INPUT|CS211user29-ulab-26|U|1632337424|cs211user29|/home/CS211user29|cd manipulate|OUTPUT
INPUT|CS211user29-ulab-27|U|1632337428|cs211user29|/home/CS211user29/manipulate|sude manflag|OUTPUT
INPUT|CS211user29-ulab-28|U|1632337432|cs211user29|/home/CS211user29/manipulate|manflag |OUTPUT
INPUT|CS211user29-ulab-29|U|1632337626|cs211user29|/home/CS211user29/manipulate|cd ~|OUTPUT
INPUT|CS211user29-ulab-30|U|1632337632|cs211user29|/home/CS211user29|cd permissions|OUTPUT
INPUT|CS211user29-ulab-31|U|1632337636|cs211user29|/home/CS211user29/permissions|perflag|OUTPUT
INPUT|CS211user29-ulab-32|U|1632337806|cs211user29|/home/CS211user29/permissions|cd ~|OUTPUT
INPUT|CS211user29-ulab-33|U|1632337814|cs211user29|/home/CS211user29|cat instructions.txt|OUTPUT
INPUT|CS211user29-ulab-34|U|1632337952|cs211user29|/home/CS211user29|cat task1|OUTPUT
INPUT|CS211user29-ulab-35|M0|1632337956|cs211user29|/home/CS211user29|pwd|OUTPUT
INPUT|CS211user29-ulab-36|U|1632337965|cs211user29|/home/CS211user29|cat task2|OUTPUT
INPUT|CS211user29-ulab-37|M1|1632337995|cs211user29|/home/CS211user29|man pwd |OUTPUT
INPUT|CS211user29-ulab-38|U|1632338000|cs211user29|/home/CS211user29|cat task3|OUTPUT
INPUT|CS211user29-ulab-39|M2|1632338006|cs211user29|/home/CS211user29|ls|OUTPUT
INPUT|CS211user29-ulab-40|U|1632338012|cs211user29|/home/CS211user29|cat task4|OUTPUT
INPUT|CS211user29-ulab-41|U|1632338027|cs211user29|/home/CS211user29|$ cat task5|OUTPUT
INPUT|CS211user29-ulab-42|U|1632338035|cs211user29|/home/CS211user29|cat task6|OUTPUT
INPUT|CS211user29-ulab-43|M5|1632338045|cs211user29|/home/CS211user29|cd view|OUTPUT
INPUT|CS211user29-ulab-44|U|1632338052|cs211user29|/home/CS211user29/view|cat task6|OUTPUT
INPUT|CS211user29-ulab-45|U|1632338069|cs211user29|/home/CS211user29/view|cat task7|OUTPUT
INPUT|CS211user29-ulab-46|M7|1632338073|cs211user29|/home/CS211user29/view|cd ..|OUTPUT
INPUT|CS211user29-ulab-47|M0|1632338077|cs211user29|/home/CS211user29|pwd|OUTPUT
INPUT|CS211user29-ulab-48|U|1632338081|cs211user29|/home/CS211user29|cat task8|OUTPUT
INPUT|CS211user29-ulab-49|U|1632338101|cs211user29|/home/CS211user29|cat task9|OUTPUT
INPUT|CS211user29-ulab-50|U|1632338114|cs211user29|/home/CS211user29|cd manipulate|OUTPUT
INPUT|CS211user29-ulab-51|M2|1632338116|cs211user29|/home/CS211user29/manipulate|ls|OUTPUT
INPUT|CS211user29-ulab-52|M9|1632338161|cs211user29|/home/CS211user29/manipulate|mv file1.txt renamed_file1.txt|OUTPUT
INPUT|CS211user29-ulab-53|M10|1632338180|cs211user29|/home/CS211user29/manipulate|cp file2.txt copied_file2.txt|OUTPUT
INPUT|CS211user29-ulab-54|U|1632338189|cs211user29|/home/CS211user29/manipulate|manflat|OUTPUT
INPUT|CS211user29-ulab-55|U|1632338192|cs211user29|/home/CS211user29/manipulate|manflag|OUTPUT
INPUT|CS211user29-ulab-56|U|1632338212|cs211user29|/home/CS211user29/manipulate|cd ~|OUTPUT
INPUT|CS211user29-ulab-57|U|1632338216|cs211user29|/home/CS211user29|cd permissions |OUTPUT
INPUT|CS211user29-ulab-58|U|1632338220|cs211user29|/home/CS211user29/permissions|cat task10|OUTPUT
INPUT|CS211user29-ulab-59|M2|1632338225|cs211user29|/home/CS211user29/permissions|ls|OUTPUT
INPUT|CS211user29-ulab-60|U|1632338247|cs211user29|/home/CS211user29/permissions|cp perm1†1.txt copied_perm1.txt|OUTPUT
INPUT|CS211user29-ulab-61|U|1632338349|cs211user29|/home/CS211user29/permissions|chmod o=rw, g=rw, u=--- copied_perm1.tx t|OUTPUT
INPUT|CS211user29-ulab-62|U|1632338455|cs211user29|/home/CS211user29/permissions|0m$ chmod --help|OUTPUT
INPUT|CS211user29-ulab-63|U|1632338478|cs211user29|/home/CS211user29/permissions|man chmod |OUTPUT
INPUT|CS211user29-ulab-64|U|1632338536|cs211user29|/home/CS211user29/permissions|cp perm1.txt copied_perm1.txtt|OUTPUT
INPUT|CS211user29-ulab-65|U|1632338554|cs211user29|/home/CS211user29/permissions||OUTPUT
INPUT|CS211user29-ulab-66|U|1632338654|cs211user29|/home/CS211user29/permissions|0m$ chmod 680 copied_perm1.txt|OUTPUT
INPUT|CS211user29-ulab-67|U|1632338796|cs211user29|/home/CS211user29/permissions|0m$ cat task10|OUTPUT
INPUT|CS211user29-ulab-68|U|1632338808|cs211user29|/home/CS211user29/permissions|cp perm2.txt copied_perm2.txt|OUTPUT
INPUT|CS211user29-ulab-69|M12|1632338819|cs211user29|/home/CS211user29/permissions|chmod 764 copied_perm2.txt|OUTPUT
INPUT|CS211user29-ulab-70|M11|1632338834|cs211user29|/home/CS211user29/permissions|chmod 660 copied_perm1.txt|OUTPUT
INPUT|CS211user29-ulab-71|U|1632338840|cs211user29|/home/CS211user29/permissions|perflag|OUTPUT
INPUT|cs211user29-ulab-0|U|1632337340|cs211user29|/home/CS211user29|instructions.txt|OUTPUT
INPUT|CS211user29-ulab-1|M2|1632337340|cs211user29|/home/CS211user29|ls|OUTPUT
INPUT|CS211user29-ulab-2|M5|1632337344|cs211user29|/home/CS211user29|cd view|OUTPUT
INPUT|CS211user29-ulab-3|M6|1632337346|cs211user29|/home/CS211user29/view|ls -a|OUTPUT
INPUT|CS211user29-ulab-4|M7|1632337350|cs211user29|/home/CS211user29/view|cd ..|OUTPUT
INPUT|CS211user29-ulab-5|M0|1632337352|cs211user29|/home/CS211user29|pwd|OUTPUT
INPUT|CS211user29-ulab-6|M2|1632337372|cs211user29|/home/CS211user29|ls|OUTPUT
INPUT|CS211user29-ulab-7|U|1632337377|cs211user29|/home/CS211user29|cd ~|OUTPUT
INPUT|CS211user29-ulab-8|M6|1632337382|cs211user29|/home/CS211user29|ls -a|OUTPUT
INPUT|CS211user29-ulab-9|U|1632337424|cs211user29|/home/CS211user29|cd manipulate|OUTPUT
INPUT|CS211user29-ulab-10|U|1632337428|cs211user29|/home/CS211user29/manipulate|sude manflag|OUTPUT
INPUT|CS211user29-ulab-11|U|1632337432|cs211user29|/home/CS211user29/manipulate|manflag |OUTPUT
INPUT|CS211user29-ulab-12|U|1632337626|cs211user29|/home/CS211user29/manipulate|cd ~|OUTPUT
INPUT|CS211user29-ulab-13|U|1632337632|cs211user29|/home/CS211user29|cd permissions|OUTPUT
INPUT|CS211user29-ulab-14|U|1632337636|cs211user29|/home/CS211user29/permissions|perflag|OUTPUT
INPUT|CS211user29-ulab-15|U|1632337806|cs211user29|/home/CS211user29/permissions|cd ~|OUTPUT
INPUT|CS211user29-ulab-16|U|1632337813|cs211user29|/home/CS211user29|cat instructions.txt|OUTPUT
INPUT|CS211user29-ulab-17|U|1632337952|cs211user29|/home/CS211user29|cat task1|OUTPUT
INPUT|CS211user29-ulab-18|M0|1632337956|cs211user29|/home/CS211user29|pwd|OUTPUT
INPUT|CS211user29-ulab-19|U|1632337965|cs211user29|/home/CS211user29|cat task2|OUTPUT
INPUT|CS211user29-ulab-20|M1|1632337995|cs211user29|/home/CS211user29|man pwd |OUTPUT
INPUT|CS211user29-ulab-21|U|1632338000|cs211user29|/home/CS211user29|cat task3|OUTPUT
INPUT|CS211user29-ulab-22|M2|1632338006|cs211user29|/home/CS211user29|ls|OUTPUT
INPUT|CS211user29-ulab-23|U|1632338012|cs211user29|/home/CS211user29|cat task4|OUTPUT
INPUT|CS211user29-ulab-24|U|1632338027|cs211user29|/home/CS211user29|$ cat task5|OUTPUT
INPUT|CS211user29-ulab-25|U|1632338035|cs211user29|/home/CS211user29|cat task6|OUTPUT
INPUT|CS211user29-ulab-26|M5|1632338045|cs211user29|/home/CS211user29|cd view|OUTPUT
INPUT|CS211user29-ulab-27|U|1632338052|cs211user29|/home/CS211user29/view|cat task6|OUTPUT
INPUT|CS211user29-ulab-28|U|1632338069|cs211user29|/home/CS211user29/view|cat task7|OUTPUT
INPUT|CS211user29-ulab-29|M7|1632338073|cs211user29|/home/CS211user29/view|cd ..|OUTPUT
INPUT|CS211user29-ulab-30|M0|1632338077|cs211user29|/home/CS211user29|pwd|OUTPUT
INPUT|CS211user29-ulab-31|U|1632338081|cs211user29|/home/CS211user29|cat task8|OUTPUT
INPUT|CS211user29-ulab-32|U|1632338101|cs211user29|/home/CS211user29|cat task9|OUTPUT
INPUT|CS211user29-ulab-33|U|1632338114|cs211user29|/home/CS211user29|cd manipulate|OUTPUT
INPUT|CS211user29-ulab-34|M2|1632338116|cs211user29|/home/CS211user29/manipulate|ls|OUTPUT
INPUT|CS211user29-ulab-35|M9|1632338161|cs211user29|/home/CS211user29/manipulate|mv file1.txt renamed_file1.txt|OUTPUT
INPUT|CS211user29-ulab-36|M10|1632338180|cs211user29|/home/CS211user29/manipulate|cp file2.txt copied_file2.txt|OUTPUT
INPUT|CS211user29-ulab-37|U|1632338189|cs211user29|/home/CS211user29/manipulate|manflat|OUTPUT
INPUT|CS211user29-ulab-38|U|1632338192|cs211user29|/home/CS211user29/manipulate|manflag|OUTPUT
INPUT|CS211user29-ulab-39|U|1632338212|cs211user29|/home/CS211user29/manipulate|cd ~|OUTPUT
INPUT|CS211user29-ulab-40|U|1632338216|cs211user29|/home/CS211user29|cd permissions |OUTPUT
INPUT|CS211user29-ulab-41|U|1632338220|cs211user29|/home/CS211user29/permissions|cat task10|OUTPUT
INPUT|CS211user29-ulab-42|M2|1632338225|cs211user29|/home/CS211user29/permissions|ls|OUTPUT
INPUT|CS211user29-ulab-43|U|1632338247|cs211user29|/home/CS211user29/permissions|cp perm1†1.txt copied_perm1.txt|OUTPUT
INPUT|CS211user29-ulab-44|U|1632338349|cs211user29|/home/CS211user29/permissions|chmod o=rw, g=rw, u=--- copied_perm1.tx t|OUTPUT
INPUT|CS211user29-ulab-45|U|1632338455|cs211user29|/home/CS211user29/permissions|0m$ chmod --help|OUTPUT
INPUT|CS211user29-ulab-46|U|1632338478|cs211user29|/home/CS211user29/permissions|man chmod |OUTPUT
INPUT|CS211user29-ulab-47|U|1632338536|cs211user29|/home/CS211user29/permissions|cp perm1.txt copied_perm1.txtt|OUTPUT
INPUT|CS211user29-ulab-48|U|1632338554|cs211user29|/home/CS211user29/permissions||OUTPUT
INPUT|CS211user29-ulab-49|U|1632338654|cs211user29|/home/CS211user29/permissions|0m$ chmod 680 copied_perm1.txt|OUTPUT
INPUT|CS211user29-ulab-50|U|1632338796|cs211user29|/home/CS211user29/permissions|0m$ cat task10|OUTPUT
INPUT|CS211user29-ulab-51|U|1632338808|cs211user29|/home/CS211user29/permissions|cp perm2.txt copied_perm2.txt|OUTPUT
INPUT|CS211user29-ulab-52|M12|1632338819|cs211user29|/home/CS211user29/permissions|chmod 764 copied_perm2.txt|OUTPUT
INPUT|CS211user29-ulab-53|M11|1632338834|cs211user29|/home/CS211user29/permissions|chmod 660 copied_perm1.txt|OUTPUT
INPUT|CS211user29-ulab-54|U|1632338840|cs211user29|/home/CS211user29/permissions|perflag|OUTPUT
