INPUT|cs211user26-ulab-0|U|1632337124|cs211user26|/home/CS211user26|cat instructions.txt|OUTPUT
INPUT|CS211user26-ulab-1|U|1632337124|cs211user26|/home/CS211user26|cat task1|OUTPUT
INPUT|CS211user26-ulab-2|M0|1632337138|cs211user26|/home/CS211user26|pwd|OUTPUT
INPUT|CS211user26-ulab-3|U|1632337149|cs211user26|/home/CS211user26|cat task2|OUTPUT
INPUT|CS211user26-ulab-4|M1|1632337221|cs211user26|/home/CS211user26|man pwd|OUTPUT
INPUT|CS211user26-ulab-5|U|1632337245|cs211user26|/home/CS211user26|cat task3r help or q to quit)|OUTPUT
INPUT|CS211user26-ulab-6|M2|1632337250|cs211user26|/home/CS211user26|ls|OUTPUT
INPUT|CS211user26-ulab-7|U|1632337266|cs211user26|/home/CS211user26|cat tas4|OUTPUT
INPUT|CS211user26-ulab-8|U|1632337268|cs211user26|/home/CS211user26|cat task4|OUTPUT
INPUT|CS211user26-ulab-9|M3|1632337314|cs211user26|/home/CS211user26|$ man ls|OUTPUT
INPUT|CS211user26-ulab-10|M4|1632337316|cs211user26|/home/CS211user26|ls -lh for help or q to quit)|OUTPUT
INPUT|CS211user26-ulab-11|U|1632337342|cs211user26|/home/CS211user26|cat task5|OUTPUT
INPUT|CS211user26-ulab-12|M5|1632337353|cs211user26|/home/CS211user26|cd view/|OUTPUT
INPUT|CS211user26-ulab-13|M2|1632337355|cs211user26|/home/CS211user26/view|ls|OUTPUT
INPUT|CS211user26-ulab-14|U|1632337370|cs211user26|/home/CS211user26/view|cat task6|OUTPUT
INPUT|CS211user26-ulab-15|M3|1632337388|cs211user26|/home/CS211user26/view|man ls|OUTPUT
INPUT|CS211user26-ulab-16|M6|1632337392|cs211user26|/home/CS211user26/view|ls -ahelp or q to quit)|OUTPUT
INPUT|CS211user26-ulab-17|U|1632337428|cs211user26|/home/CS211user26/view|cat task7|OUTPUT
INPUT|CS211user26-ulab-18|M7|1632337435|cs211user26|/home/CS211user26/view|cd ..|OUTPUT
INPUT|CS211user26-ulab-19|M0|1632337437|cs211user26|/home/CS211user26|pwd|OUTPUT
INPUT|CS211user26-ulab-20|U|1632337466|cs211user26|/home/CS211user26|cat task8|OUTPUT
INPUT|CS211user26-ulab-21|M8|1632337480|cs211user26|/home/CS211user26|ls -a -l|OUTPUT
INPUT|CS211user26-ulab-22|M4|1632337515|cs211user26|/home/CS211user26|ls -l|OUTPUT
INPUT|CS211user26-ulab-23|M6|1632337575|cs211user26|/home/CS211user26|ls -a|OUTPUT
INPUT|CS211user26-ulab-24|M2|1632337581|cs211user26|/home/CS211user26|ls|OUTPUT
INPUT|CS211user26-ulab-25|U|1632337612|cs211user26|/home/CS211user26|cat task 9|OUTPUT
INPUT|CS211user26-ulab-26|U|1632337615|cs211user26|/home/CS211user26|cat task9|OUTPUT
INPUT|CS211user26-ulab-27|U|1632337621|cs211user26|/home/CS211user26|cd manipulate/|OUTPUT
INPUT|CS211user26-ulab-28|M2|1632337624|cs211user26|/home/CS211user26/manipulate|ls|OUTPUT
INPUT|CS211user26-ulab-29|U|1632337651|cs211user26|/home/CS211user26/manipulate|man mv|OUTPUT
INPUT|CS211user26-ulab-30|U|1632337692|cs211user26|/home/CS211user26/manipulate|man mv|OUTPUT
INPUT|CS211user26-ulab-31|U|1632337711|cs211user26|/home/CS211user26/manipulate|mv [-T] file1.txt renamed_file1.txt|OUTPUT
INPUT|CS211user26-ulab-32|U|1632337731|cs211user26|/home/CS211user26/manipulate|man mv|OUTPUT
INPUT|CS211user26-ulab-33|U|1632337741|cs211user26|/home/CS211user26/manipulate|mv -t file1.txt renamed_file1.txt|OUTPUT
INPUT|CS211user26-ulab-34|U|1632337752|cs211user26|/home/CS211user26/manipulate|man mv|OUTPUT
INPUT|CS211user26-ulab-35|U|1632337759|cs211user26|/home/CS211user26/manipulate|mv -T file1.txt renamed_file1.txt|OUTPUT
INPUT|CS211user26-ulab-36|M2|1632337760|cs211user26|/home/CS211user26/manipulate|ls|OUTPUT
INPUT|CS211user26-ulab-37|U|1632337795|cs211user26|/home/CS211user26/manipulate|man cp|OUTPUT
INPUT|CS211user26-ulab-38|M10|1632337808|cs211user26|/home/CS211user26/manipulate|cp file2.txt copied_file2.txt|OUTPUT
INPUT|CS211user26-ulab-39|M2|1632337809|cs211user26|/home/CS211user26/manipulate|ls|OUTPUT
INPUT|CS211user26-ulab-40|U|1632337818|cs211user26|/home/CS211user26/manipulate|manflag|OUTPUT
INPUT|CS211user26-ulab-41|U|1632337835|cs211user26|/home/CS211user26/manipulate|cd |OUTPUT
INPUT|CS211user26-ulab-42|M2|1632337836|cs211user26|/home/CS211user26|ls|OUTPUT
INPUT|CS211user26-ulab-43|U|1632337843|cs211user26|/home/CS211user26|cd permissions/|OUTPUT
INPUT|CS211user26-ulab-44|U|1632337848|cs211user26|/home/CS211user26/permissions|cat task10|OUTPUT
INPUT|CS211user26-ulab-45|M2|1632337855|cs211user26|/home/CS211user26/permissions|ls|OUTPUT
INPUT|CS211user26-ulab-46|U|1632337970|cs211user26|/home/CS211user26/permissions|cp perm1.txt copied_perm1.txt|OUTPUT
INPUT|CS211user26-ulab-47|U|1632337993|cs211user26|/home/CS211user26/permissions|man chmod|OUTPUT
INPUT|CS211user26-ulab-48|U|1632337998|cs211user26|/home/CS211user26/permissions|man chmod|OUTPUT
INPUT|CS211user26-ulab-49|U|1632338181|cs211user26|/home/CS211user26/permissions|chmod 760|OUTPUT
INPUT|CS211user26-ulab-50|U|1632338190|cs211user26|/home/CS211user26/permissions|0m$ chmod 760 copied_perm1.txt |OUTPUT
INPUT|CS211user26-ulab-51|U|1632338206|cs211user26|/home/CS211user26/permissions|cp perm2.txt copied_perm2.txt|OUTPUT
INPUT|CS211user26-ulab-52|M2|1632338209|cs211user26|/home/CS211user26/permissions|ls|OUTPUT
INPUT|CS211user26-ulab-53|M4|1632338228|cs211user26|/home/CS211user26/permissions|ls -l|OUTPUT
INPUT|CS211user26-ulab-54|M11|1632338259|cs211user26|/home/CS211user26/permissions|chmod 660 copied_perm1.txt|OUTPUT
INPUT|CS211user26-ulab-55|U|1632338348|cs211user26|/home/CS211user26/permissions|chmod 764 copied_perm2.txxt|OUTPUT
INPUT|CS211user26-ulab-56|M12|1632338351|cs211user26|/home/CS211user26/permissions|chmod 764 copied_perm2.txt|OUTPUT
INPUT|CS211user26-ulab-57|M4|1632338354|cs211user26|/home/CS211user26/permissions|ls -l|OUTPUT
INPUT|CS211user26-ulab-58|U|1632338365|cs211user26|/home/CS211user26/permissions|perflag|OUTPUT
INPUT|CS211user26-ulab-59|U|1632338443|cs211user26|/home/CS211user26/permissions|quit|OUTPUT
INPUT|CS211user26-ulab-60|U|1632338445|cs211user26|/home/CS211user26/permissions|cd|OUTPUT
