INPUT|cs211user7-ulab-0|U|1632336952|cs211user7|/home/CS211user7|cat instructions.txt |OUTPUT
INPUT|CS211user7-ulab-1|U|1632336952|cs211user7|/home/CS211user7|cat task1|OUTPUT
INPUT|CS211user7-ulab-2|M0|1632336957|cs211user7|/home/CS211user7|pwd|OUTPUT
INPUT|CS211user7-ulab-3|U|1632336978|cs211user7|/home/CS211user7|cat task2|OUTPUT
INPUT|CS211user7-ulab-4|U|1632337011|cs211user7|/home/CS211user7|cat task3|OUTPUT
INPUT|CS211user7-ulab-5|M2|1632337027|cs211user7|/home/CS211user7|ls|OUTPUT
INPUT|CS211user7-ulab-6|M4|1632337031|cs211user7|/home/CS211user7|ls -l|OUTPUT
INPUT|CS211user7-ulab-7|M5|1632337097|cs211user7|/home/CS211user7|cd view|OUTPUT
INPUT|CS211user7-ulab-8|M2|1632337098|cs211user7|/home/CS211user7/view|ls|OUTPUT
INPUT|CS211user7-ulab-9|M4|1632337100|cs211user7|/home/CS211user7/view|ls -l|OUTPUT
INPUT|CS211user7-ulab-10|M8|1632337135|cs211user7|/home/CS211user7/view|ls -al|OUTPUT
INPUT|CS211user7-ulab-11|M7|1632337150|cs211user7|/home/CS211user7/view|cd ..|OUTPUT
INPUT|CS211user7-ulab-12|M0|1632337156|cs211user7|/home/CS211user7|pwd|OUTPUT
INPUT|CS211user7-ulab-13|M8|1632337178|cs211user7|/home/CS211user7|ls -al|OUTPUT
INPUT|CS211user7-ulab-14|U|1632337242|cs211user7|/home/CS211user7|cat task9|OUTPUT
INPUT|CS211user7-ulab-15|U|1632337282|cs211user7|/home/CS211user7|manflag|OUTPUT
INPUT|CS211user7-ulab-16|U|1632337297|cs211user7|/home/CS211user7|mv file1 renamed_file1.txt|OUTPUT
INPUT|CS211user7-ulab-17|M2|1632337306|cs211user7|/home/CS211user7|ls|OUTPUT
INPUT|CS211user7-ulab-18|U|1632337317|cs211user7|/home/CS211user7|find -name file1|OUTPUT
INPUT|CS211user7-ulab-19|U|1632337324|cs211user7|/home/CS211user7|cd manipulate/|OUTPUT
INPUT|CS211user7-ulab-20|M2|1632337325|cs211user7|/home/CS211user7/manipulate|ls|OUTPUT
INPUT|CS211user7-ulab-21|U|1632337331|cs211user7|/home/CS211user7/manipulate|mv file1 renamed_file1.txt|OUTPUT
INPUT|CS211user7-ulab-22|M9|1632337340|cs211user7|/home/CS211user7/manipulate|mv file1.txt renamed_file1.txt|OUTPUT
INPUT|CS211user7-ulab-23|M10|1632337354|cs211user7|/home/CS211user7/manipulate|cp file2.txt copied_file2.txt|OUTPUT
INPUT|CS211user7-ulab-24|M2|1632337355|cs211user7|/home/CS211user7/manipulate|ls|OUTPUT
INPUT|CS211user7-ulab-25|U|1632337363|cs211user7|/home/CS211user7/manipulate|manflag|OUTPUT
INPUT|CS211user7-ulab-26|M7|1632337379|cs211user7|/home/CS211user7/manipulate|cd ..|OUTPUT
INPUT|CS211user7-ulab-27|U|1632337381|cs211user7|/home/CS211user7|cd perm|OUTPUT
INPUT|CS211user7-ulab-28|U|1632337384|cs211user7|/home/CS211user7|cd permissions/|OUTPUT
INPUT|CS211user7-ulab-29|U|1632337388|cs211user7|/home/CS211user7/permissions|perflag|OUTPUT
INPUT|CS211user7-ulab-30|M2|1632337394|cs211user7|/home/CS211user7/permissions|ls|OUTPUT
INPUT|CS211user7-ulab-31|U|1632337398|cs211user7|/home/CS211user7/permissions|cat task10 |OUTPUT
INPUT|CS211user7-ulab-32|U|1632337550|cs211user7|/home/CS211user7/permissions|man chmod|OUTPUT
INPUT|CS211user7-ulab-33|U|1632337584|cs211user7|/home/CS211user7/permissions|cp perm1.txt copied_perm1.txt|OUTPUT
INPUT|CS211user7-ulab-34|U|1632337737|cs211user7|/home/CS211user7/permissions|man chmod|OUTPUT
INPUT|CS211user7-ulab-35|U|1632337776|cs211user7|/home/CS211user7/permissions|man chmod help or q to quit)|OUTPUT
INPUT|CS211user7-ulab-36|U|1632337791|cs211user7|/home/CS211user7/permissions|chmod copied_perm1.txt u RW|OUTPUT
INPUT|CS211user7-ulab-37|U|1632337799|cs211user7|/home/CS211user7/permissions|0m$ chmod --help|OUTPUT
INPUT|CS211user7-ulab-38|U|1632337854|cs211user7|/home/CS211user7/permissions|chmod = u rw copied_perm1.txt|OUTPUT
INPUT|CS211user7-ulab-39|U|1632337879|cs211user7|/home/CS211user7/permissions|chmod copie11@d_perm1.txt|OUTPUT
INPUT|CS211user7-ulab-40|U|1632337982|cs211user7|/home/CS211user7/permissions|0m$ chmod u=rw copied_perm1.txt |OUTPUT
INPUT|CS211user7-ulab-41|U|1632337995|cs211user7|/home/CS211user7/permissions|chmod g=rw copied_perm1.txt |OUTPUT
INPUT|CS211user7-ulab-42|U|1632338005|cs211user7|/home/CS211user7/permissions|chmod o=rw copied_perm1.txt |OUTPUT
INPUT|CS211user7-ulab-43|U|1632338055|cs211user7|/home/CS211user7/permissions|chmod u-a copied_perm1.txt |OUTPUT
INPUT|CS211user7-ulab-44|U|1632338067|cs211user7|/home/CS211user7/permissions|0m$ chmod u-rwx copied_perm1.txt |OUTPUT
INPUT|CS211user7-ulab-45|U|1632338082|cs211user7|/home/CS211user7/permissions|perflag|OUTPUT
INPUT|CS211user7-ulab-46|U|1632338103|cs211user7|/home/CS211user7/permissions|cp perm2.txt copied_perm2.txt|OUTPUT
INPUT|CS211user7-ulab-47|U|1632338108|cs211user7|/home/CS211user7/permissions|cat task10|OUTPUT
INPUT|CS211user7-ulab-48|U|1632338134|cs211user7|/home/CS211user7/permissions|chmod o=rwx copied_perm2.txt |OUTPUT
INPUT|CS211user7-ulab-49|U|1632338140|cs211user7|/home/CS211user7/permissions|chmod g=rw copied_perm2.txt |OUTPUT
INPUT|CS211user7-ulab-50|U|1632338147|cs211user7|/home/CS211user7/permissions|chmod u=r copied_perm2.txt |OUTPUT
INPUT|CS211user7-ulab-51|U|1632338152|cs211user7|/home/CS211user7/permissions|perflag|OUTPUT
INPUT|CS211user7-ulab-52|U|1632338167|cs211user7|/home/CS211user7/permissions|perflag|OUTPUT
INPUT|CS211user7-ulab-53|U|1632338167|cs211user7|/home/CS211user7/permissions|perflag|OUTPUT
INPUT|CS211user7-ulab-54|M8|1632338176|cs211user7|/home/CS211user7/permissions|ls -al|OUTPUT
INPUT|CS211user7-ulab-55|U|1632338353|cs211user7|/home/CS211user7/permissions|chmod o=rw copied_perm1.txt |OUTPUT
INPUT|CS211user7-ulab-56|U|1632338355|cs211user7|/home/CS211user7/permissions|perflag|OUTPUT
INPUT|CS211user7-ulab-57|M8|1632338358|cs211user7|/home/CS211user7/permissions|ls -al|OUTPUT
INPUT|CS211user7-ulab-58|U|1632338442|cs211user7|/home/CS211user7/permissions|perflag|OUTPUT
INPUT|CS211user7-ulab-59|U|1632338443|cs211user7|/home/CS211user7/permissions|perflag|OUTPUT
INPUT|CS211user7-ulab-60|U|1632338443|cs211user7|/home/CS211user7/permissions|perflag|OUTPUT
INPUT|CS211user7-ulab-61|U|1632338444|cs211user7|/home/CS211user7/permissions|perflag|OUTPUT
INPUT|CS211user7-ulab-62|U|1632338444|cs211user7|/home/CS211user7/permissions|perflag|OUTPUT
INPUT|CS211user7-ulab-63|U|1632338445|cs211user7|/home/CS211user7/permissions|perflag|OUTPUT
INPUT|CS211user7-ulab-64|U|1632338445|cs211user7|/home/CS211user7/permissions|perflag|OUTPUT
INPUT|CS211user7-ulab-65|U|1632338445|cs211user7|/home/CS211user7/permissions|perflag|OUTPUT
INPUT|CS211user7-ulab-66|U|1632338445|cs211user7|/home/CS211user7/permissions|perflag|OUTPUT
INPUT|CS211user7-ulab-67|U|1632338445|cs211user7|/home/CS211user7/permissions|perflag|OUTPUT
INPUT|CS211user7-ulab-68|U|1632338446|cs211user7|/home/CS211user7/permissions|perflag|OUTPUT
INPUT|CS211user7-ulab-69|U|1632338453|cs211user7|/home/CS211user7/permissions|cat task10 |OUTPUT
INPUT|CS211user7-ulab-70|M11|1632338564|cs211user7|/home/CS211user7/permissions|chmod 660 copied_perm1.txt |OUTPUT
INPUT|CS211user7-ulab-71|U|1632338567|cs211user7|/home/CS211user7/permissions|perflag|OUTPUT
INPUT|CS211user7-ulab-72|M8|1632338579|cs211user7|/home/CS211user7/permissions|ls -al|OUTPUT
INPUT|CS211user7-ulab-73|U|1632338599|cs211user7|/home/CS211user7/permissions|chmod 600 copied_perm1.txt |OUTPUT
INPUT|CS211user7-ulab-74|U|1632338602|cs211user7|/home/CS211user7/permissions|perflag|OUTPUT
INPUT|CS211user7-ulab-75|U|1632338608|cs211user7|/home/CS211user7/permissions|chmod 606 copied_perm1.txt |OUTPUT
INPUT|CS211user7-ulab-76|U|1632338610|cs211user7|/home/CS211user7/permissions|perflag|OUTPUT
INPUT|CS211user7-ulab-77|M11|1632338620|cs211user7|/home/CS211user7/permissions|chmod 660 copied_perm1.txt |OUTPUT
INPUT|CS211user7-ulab-78|M11|1632338680|cs211user7|/home/CS211user7/permissions|chmod 660 copied_perm1.txt |OUTPUT
INPUT|CS211user7-ulab-79|U|1632338680|cs211user7|/home/CS211user7/permissions||OUTPUT
INPUT|CS211user7-ulab-80|U|1632338680|cs211user7|/home/CS211user7/permissions||OUTPUT
INPUT|CS211user7-ulab-81|U|1632338680|cs211user7|/home/CS211user7/permissions||OUTPUT
INPUT|CS211user7-ulab-82|M11|1632338685|cs211user7|/home/CS211user7/permissions|chmod 660 copied_perm1.txt |OUTPUT
INPUT|CS211user7-ulab-83|M12|1632338705|cs211user7|/home/CS211user7/permissions|chmod 764 copied_perm2.txt |OUTPUT
