INPUT|cs211user24-ulab-0|U|1632337049|cs211user24|/home/CS211user24|cat instructions.txt|OUTPUT
INPUT|CS211user24-ulab-1|U|1632337049|cs211user24|/home/CS211user24|man cat  |OUTPUT
INPUT|CS211user24-ulab-2|U|1632337052|cs211user24|/home/CS211user24|cat task1r help or q to quit)|OUTPUT
INPUT|CS211user24-ulab-3|M0|1632337064|cs211user24|/home/CS211user24|pwd|OUTPUT
INPUT|CS211user24-ulab-4|U|1632337116|cs211user24|/home/CS211user24|cat task2|OUTPUT
INPUT|CS211user24-ulab-5|M1|1632337161|cs211user24|/home/CS211user24|man pwd|OUTPUT
INPUT|CS211user24-ulab-6|U|1632337175|cs211user24|/home/CS211user24|cat task3r help or q to quit)|OUTPUT
INPUT|CS211user24-ulab-7|M2|1632337260|cs211user24|/home/CS211user24|ls  |OUTPUT
INPUT|CS211user24-ulab-8|U|1632337308|cs211user24|/home/CS211user24|task 4|OUTPUT
INPUT|CS211user24-ulab-9|U|1632337312|cs211user24|/home/CS211user24|cat task4|OUTPUT
INPUT|CS211user24-ulab-10|M3|1632337611|cs211user24|/home/CS211user24|$ man ls|OUTPUT
INPUT|CS211user24-ulab-11|M4|1632337637|cs211user24|/home/CS211user24|ls -lND) (press h for help or q to quit)|OUTPUT
INPUT|CS211user24-ulab-12|U|1632337674|cs211user24|/home/CS211user24|cat task5|OUTPUT
INPUT|CS211user24-ulab-13|M5|1632337702|cs211user24|/home/CS211user24|cd view|OUTPUT
INPUT|CS211user24-ulab-14|M2|1632337706|cs211user24|/home/CS211user24/view|ls|OUTPUT
INPUT|CS211user24-ulab-15|M4|1632337762|cs211user24|/home/CS211user24/view|ls -l|OUTPUT
INPUT|CS211user24-ulab-16|U|1632337781|cs211user24|/home/CS211user24/view|cat task6|OUTPUT
INPUT|CS211user24-ulab-17|M3|1632337925|cs211user24|/home/CS211user24/view|man ls|OUTPUT
INPUT|CS211user24-ulab-18|M6|1632337928|cs211user24|/home/CS211user24/view|ls -as h for help or q to quit)|OUTPUT
INPUT|CS211user24-ulab-19|M2|1632338010|cs211user24|/home/CS211user24/view|ls|OUTPUT
INPUT|cs211user24-ulab-0|M4|1632338175|cs211user24|/home/CS211user24|ls -l|OUTPUT
INPUT|CS211user24-ulab-1|M5|1632338175|cs211user24|/home/CS211user24|cd view|OUTPUT
INPUT|CS211user24-ulab-2|M6|1632338182|cs211user24|/home/CS211user24/view|ls -a|OUTPUT
INPUT|CS211user24-ulab-3|U|1632338186|cs211user24|/home/CS211user24/view|cat task 7|OUTPUT
INPUT|CS211user24-ulab-4|U|1632338190|cs211user24|/home/CS211user24/view|cat task6 |OUTPUT
INPUT|CS211user24-ulab-5|U|1632338195|cs211user24|/home/CS211user24/view|cat task7|OUTPUT
INPUT|CS211user24-ulab-6|M7|1632338223|cs211user24|/home/CS211user24/view|cd ..|OUTPUT
INPUT|CS211user24-ulab-7|M0|1632338226|cs211user24|/home/CS211user24|pwd|OUTPUT
INPUT|CS211user24-ulab-8|U|1632338250|cs211user24|/home/CS211user24|cat task8|OUTPUT
INPUT|CS211user24-ulab-9|M4|1632338279|cs211user24|/home/CS211user24|ls -l -A|OUTPUT
INPUT|CS211user24-ulab-10|M3|1632338330|cs211user24|/home/CS211user24|man ls|OUTPUT
INPUT|CS211user24-ulab-11|M8|1632338375|cs211user24|/home/CS211user24|ls -l -ar help or q to quit)|OUTPUT
INPUT|CS211user24-ulab-12|M4|1632338504|cs211user24|/home/CS211user24|ls -l |OUTPUT
INPUT|CS211user24-ulab-13|M3|1632338640|cs211user24|/home/CS211user24|man ls|OUTPUT
