INPUT|cs211user28-ulab-0|U|1632336897|cs211user28|/home/CS211user28|cat instructions.txt|OUTPUT
INPUT|CS211user28-ulab-1|U|1632336897|cs211user28|/home/CS211user28|cat task1|OUTPUT
INPUT|CS211user28-ulab-2|M0|1632336903|cs211user28|/home/CS211user28|pwd|OUTPUT
INPUT|CS211user28-ulab-3|U|1632336922|cs211user28|/home/CS211user28|cat task2|OUTPUT
INPUT|CS211user28-ulab-4|M1|1632336948|cs211user28|/home/CS211user28|man pwd|OUTPUT
INPUT|CS211user28-ulab-5|U|1632336958|cs211user28|/home/CS211user28|cat task3or help or q to quit)|OUTPUT
INPUT|CS211user28-ulab-6|M2|1632336974|cs211user28|/home/CS211user28|ls|OUTPUT
INPUT|CS211user28-ulab-8|U|1632337000|cs211user28|/home/CS211user28|cat task4|OUTPUT
INPUT|CS211user28-ulab-9|M4|1632337020|cs211user28|/home/CS211user28|$ ls -l|OUTPUT
INPUT|CS211user28-ulab-11|U|1632337083|cs211user28|/home/CS211user28|cat task5|OUTPUT
INPUT|CS211user28-ulab-12|M5|1632337090|cs211user28|/home/CS211user28|cd view|OUTPUT
INPUT|CS211user28-ulab-13|M2|1632337091|cs211user28|/home/CS211user28/view|ls|OUTPUT
INPUT|CS211user28-ulab-14|U|1632337106|cs211user28|/home/CS211user28/view|cat task6|OUTPUT
INPUT|CS211user28-ulab-15|M3|1632337211|cs211user28|/home/CS211user28/view|man ls|OUTPUT
INPUT|CS211user28-ulab-16|M6|1632337225|cs211user28|/home/CS211user28/view|ls -a help or q to quit)|OUTPUT
INPUT|CS211user28-ulab-17|U|1632337266|cs211user28|/home/CS211user28/view|cat task7|OUTPUT
INPUT|CS211user28-ulab-18|M7|1632337272|cs211user28|/home/CS211user28/view|cd ..|OUTPUT
INPUT|CS211user28-ulab-19|U|1632337275|cs211user28|/home/CS211user28|pawd|OUTPUT
INPUT|CS211user28-ulab-20|U|1632337277|cs211user28|/home/CS211user28|pws|OUTPUT
INPUT|CS211user28-ulab-21|M0|1632337279|cs211user28|/home/CS211user28|pwd|OUTPUT
INPUT|CS211user28-ulab-22|U|1632337293|cs211user28|/home/CS211user28|cat task8|OUTPUT
INPUT|CS211user28-ulab-23|M8|1632337300|cs211user28|/home/CS211user28|ls -l -a|OUTPUT
INPUT|CS211user28-ulab-24|M2|1632337350|cs211user28|/home/CS211user28|ls|OUTPUT
INPUT|CS211user28-ulab-25|M4|1632337365|cs211user28|/home/CS211user28|ls -l-a|OUTPUT
INPUT|CS211user28-ulab-26|M8|1632337368|cs211user28|/home/CS211user28|ls -l -a|OUTPUT
INPUT|CS211user28-ulab-27|U|1632337386|cs211user28|/home/CS211user28|cat task9|OUTPUT
INPUT|CS211user28-ulab-28|U|1632337393|cs211user28|/home/CS211user28|cd manipulate|OUTPUT
INPUT|CS211user28-ulab-29|M2|1632337419|cs211user28|/home/CS211user28/manipulate|ls|OUTPUT
INPUT|CS211user28-ulab-30|U|1632337435|cs211user28|/home/CS211user28/manipulate|man mv|OUTPUT
INPUT|CS211user28-ulab-31|M9|1632337446|cs211user28|/home/CS211user28/manipulate|mv file1.txt renamed_file1.txt|OUTPUT
INPUT|CS211user28-ulab-32|M2|1632337447|cs211user28|/home/CS211user28/manipulate|ls|OUTPUT
INPUT|CS211user28-ulab-33|M10|1632337462|cs211user28|/home/CS211user28/manipulate|cp file2.txt copied_file2.txt|OUTPUT
INPUT|CS211user28-ulab-34|M2|1632337463|cs211user28|/home/CS211user28/manipulate|ls|OUTPUT
INPUT|CS211user28-ulab-35|U|1632337468|cs211user28|/home/CS211user28/manipulate|manflag|OUTPUT
INPUT|CS211user28-ulab-36|M7|1632337482|cs211user28|/home/CS211user28/manipulate|cd ..|OUTPUT
INPUT|CS211user28-ulab-37|U|1632337484|cs211user28|/home/CS211user28|cd permissions|OUTPUT
INPUT|CS211user28-ulab-38|U|1632337487|cs211user28|/home/CS211user28/permissions|cat task10|OUTPUT
INPUT|CS211user28-ulab-39|M2|1632337493|cs211user28|/home/CS211user28/permissions|ls|OUTPUT
INPUT|CS211user28-ulab-40|U|1632337505|cs211user28|/home/CS211user28/permissions|cp perm1.txt copied_perm1.txt|OUTPUT
INPUT|CS211user28-ulab-41|M11|1632337555|cs211user28|/home/CS211user28/permissions|chmod 660 copied_perm1.txt|OUTPUT
INPUT|CS211user28-ulab-42|U|1632337566|cs211user28|/home/CS211user28/permissions|cp perm2.txt copied_perm2.txt|OUTPUT
INPUT|CS211user28-ulab-43|M12|1632337577|cs211user28|/home/CS211user28/permissions|chmod 764 copied_perm2.txt|OUTPUT
INPUT|CS211user28-ulab-44|U|1632337580|cs211user28|/home/CS211user28/permissions|perflag|OUTPUT
