INPUT|CS211user9-ulab-0|M0|1632336934|cs211user9|/home/CS211user9|pwd|OUTPUT
INPUT|CS211user9-ulab-1|M1|1632337047|cs211user9|/home/CS211user9|man pwd|OUTPUT
INPUT|CS211user9-ulab-2|M2|1632337049|cs211user9|/home/CS211user9|ls(END) (press h for help or q to quit)K|OUTPUT
INPUT|CS211user9-ulab-3|M3|1632337145|cs211user9|/home/CS211user9|man ls|OUTPUT
INPUT|CS211user9-ulab-4|M4|1632337153|cs211user9|/home/CS211user9|ls -lEND) (press h for help or q to quit)|OUTPUT
INPUT|CS211user9-ulab-5|U|1632337195|cs211user9|/home/CS211user9|cd|OUTPUT
INPUT|CS211user9-ulab-6|M2|1632337199|cs211user9|/home/CS211user9|ls|OUTPUT
INPUT|CS211user9-ulab-7|M5|1632337204|cs211user9|/home/CS211user9|cd view|OUTPUT
INPUT|CS211user9-ulab-8|M2|1632337207|cs211user9|/home/CS211user9/view|ls|OUTPUT
INPUT|CS211user9-ulab-9|M3|1632337244|cs211user9|/home/CS211user9/view|man ls|OUTPUT
INPUT|CS211user9-ulab-10|M3|1632337290|cs211user9|/home/CS211user9/view|man lshelp or q to quit)|OUTPUT
INPUT|CS211user9-ulab-11|M6|1632337295|cs211user9|/home/CS211user9/view|ls -a help or q to quit)|OUTPUT
INPUT|CS211user9-ulab-12|M2|1632337356|cs211user9|/home/CS211user9/view|ls --all|OUTPUT
INPUT|CS211user9-ulab-13|M7|1632337421|cs211user9|/home/CS211user9/view|cd ..|OUTPUT
INPUT|CS211user9-ulab-14|M0|1632337426|cs211user9|/home/CS211user9|pwd|OUTPUT
INPUT|CS211user9-ulab-15|M2|1632337480|cs211user9|/home/CS211user9|ls --all -l|OUTPUT
INPUT|CS211user9-ulab-16|U|1632337623|cs211user9|/home/CS211user9|cd manipulate|OUTPUT
INPUT|CS211user9-ulab-17|M2|1632337626|cs211user9|/home/CS211user9/manipulate|ls|OUTPUT
INPUT|CS211user9-ulab-18|U|1632337630|cs211user9|/home/CS211user9/manipulate|man lv|OUTPUT
INPUT|CS211user9-ulab-19|U|1632337677|cs211user9|/home/CS211user9/manipulate|man mv|OUTPUT
INPUT|CS211user9-ulab-20|M9|1632337695|cs211user9|/home/CS211user9/manipulate|mv file1.txt renamed_file1.txt|OUTPUT
INPUT|CS211user9-ulab-21|M2|1632337699|cs211user9|/home/CS211user9/manipulate|ls|OUTPUT
INPUT|CS211user9-ulab-22|U|1632337722|cs211user9|/home/CS211user9/manipulate|man cp|OUTPUT
INPUT|CS211user9-ulab-23|M10|1632337738|cs211user9|/home/CS211user9/manipulate|cp file2.txt copied_file2.txt|OUTPUT
INPUT|CS211user9-ulab-24|M2|1632337740|cs211user9|/home/CS211user9/manipulate|ls|OUTPUT
INPUT|CS211user9-ulab-25|U|1632337752|cs211user9|/home/CS211user9/manipulate|manflag|OUTPUT
INPUT|CS211user9-ulab-26|M2|1632337784|cs211user9|/home/CS211user9/manipulate|ls|OUTPUT
INPUT|CS211user9-ulab-27|M7|1632337909|cs211user9|/home/CS211user9/manipulate|cd ..|OUTPUT
INPUT|CS211user9-ulab-28|U|1632337914|cs211user9|/home/CS211user9|cd permissions|OUTPUT
INPUT|CS211user9-ulab-29|M2|1632337925|cs211user9|/home/CS211user9/permissions|ls|OUTPUT
INPUT|CS211user9-ulab-30|U|1632337938|cs211user9|/home/CS211user9/permissions|cp perm1.txt copied_perm1.txt|OUTPUT
INPUT|CS211user9-ulab-31|U|1632338161|cs211user9|/home/CS211user9/permissions|man chmod|OUTPUT
INPUT|CS211user9-ulab-32|U|1632338189|cs211user9|/home/CS211user9/permissions|chmod o=rw, g=rw copied_perm1.txt|OUTPUT
INPUT|CS211user9-ulab-33|U|1632338197|cs211user9|/home/CS211user9/permissions|0m$ chmod --help|OUTPUT
INPUT|CS211user9-ulab-34|U|1632338341|cs211user9|/home/CS211user9/permissions|man chmod|OUTPUT
INPUT|CS211user9-ulab-35|M11|1632338356|cs211user9|/home/CS211user9/permissions|chmod 660 copied_perm1.txt |OUTPUT
INPUT|CS211user9-ulab-36|U|1632338371|cs211user9|/home/CS211user9/permissions|cp perm2.txt copied_perm2.txt|OUTPUT
INPUT|CS211user9-ulab-37|M12|1632338393|cs211user9|/home/CS211user9/permissions|chmod 764 copied_perm2.txt |OUTPUT
INPUT|CS211user9-ulab-38|U|1632338397|cs211user9|/home/CS211user9/permissions|perflag|OUTPUT
INPUT|CS211user9-ulab-39|M7|1632338437|cs211user9|/home/CS211user9/permissions|cd ..|OUTPUT
INPUT|CS211user9-ulab-40|M3|1632338677|cs211user9|/home/CS211user9|man ls|OUTPUT
INPUT|CS211user9-ulab-41|M6|1632338680|cs211user9|/home/CS211user9|ls -a|OUTPUT
