INPUT|cs211user17-ulab-0|M0|1632336923|cs211user17|/home/CS211user17|pwd|OUTPUT
INPUT|CS211user17-ulab-1|M2|1632336923|cs211user17|/home/CS211user17|ls|OUTPUT
INPUT|CS211user17-ulab-2|M3|1632336989|cs211user17|/home/CS211user17|man ls|OUTPUT
INPUT|CS211user17-ulab-3|M0|1632336990|cs211user17|/home/CS211user17|pwd h for help or q to quit)|OUTPUT
INPUT|CS211user17-ulab-4|M2|1632337054|cs211user17|/home/CS211user17|ls -!|OUTPUT
INPUT|CS211user17-ulab-5|M2|1632337056|cs211user17|/home/CS211user17|ls|OUTPUT
INPUT|CS211user17-ulab-6|M2|1632337233|cs211user17|/home/CS211user17|ls view|OUTPUT
INPUT|CS211user17-ulab-7|M3|1632337393|cs211user17|/home/CS211user17|man ls|OUTPUT
INPUT|CS211user17-ulab-8|M3|1632337402|cs211user17|/home/CS211user17|man lsabort)|OUTPUT
INPUT|CS211user17-ulab-9|M3|1632337535|cs211user17|/home/CS211user17|man lsabort)|OUTPUT
INPUT|CS211user17-ulab-10|M4|1632337537|cs211user17|/home/CS211user17|ls -lh for help or q to quit)|OUTPUT
INPUT|CS211user17-ulab-11|M3|1632337741|cs211user17|/home/CS211user17|man ls|OUTPUT
INPUT|CS211user17-ulab-12|M4|1632337747|cs211user17|/home/CS211user17|ls -lD) (press h for help or q to quit)|OUTPUT
INPUT|CS211user17-ulab-13|M2|1632337804|cs211user17|/home/CS211user17|ls --!l|OUTPUT
INPUT|CS211user17-ulab-14|M4|1632337811|cs211user17|/home/CS211user17|ls -l|OUTPUT
INPUT|CS211user17-ulab-15|U|1632337828|cs211user17|/home/CS211user17|cd|OUTPUT
INPUT|CS211user17-ulab-16|M2|1632337858|cs211user17|/home/CS211user17|.ls|OUTPUT
INPUT|CS211user17-ulab-17|M2|1632337861|cs211user17|/home/CS211user17|. ls|OUTPUT
INPUT|CS211user17-ulab-18|M4|1632337923|cs211user17|/home/CS211user17|ls -l|OUTPUT
INPUT|CS211user17-ulab-19|M3|1632337951|cs211user17|/home/CS211user17|man ls|OUTPUT
INPUT|CS211user17-ulab-20|M6|1632337953|cs211user17|/home/CS211user17|ls -a for help or q to quit)|OUTPUT
INPUT|CS211user17-ulab-21|M2|1632337983|cs211user17|/home/CS211user17|ls|OUTPUT
INPUT|CS211user17-ulab-22|M5|1632338230|cs211user17|/home/CS211user17|cd view|OUTPUT
INPUT|CS211user17-ulab-23|M6|1632338234|cs211user17|/home/CS211user17/view|ls -a|OUTPUT
INPUT|CS211user17-ulab-24|U|1632338277|cs211user17|/home/CS211user17/view|cd|OUTPUT
INPUT|CS211user17-ulab-25|U|1632338282|cs211user17|/home/CS211user17|quit|OUTPUT
INPUT|CS211user17-ulab-26|U|1632338284|cs211user17|/home/CS211user17|return|OUTPUT
INPUT|CS211user17-ulab-27|U|1632338298|cs211user17|/home/CS211user17|man cd|OUTPUT
INPUT|CS211user17-ulab-28|M5|1632338317|cs211user17|/home/CS211user17|cd views h for help or q to quit) quit)|OUTPUT
INPUT|CS211user17-ulab-29|M0|1632338321|cs211user17|/home/CS211user17/view|cd pwd|OUTPUT
INPUT|CS211user17-ulab-30|M0|1632338325|cs211user17|/home/CS211user17/view|pwd|OUTPUT
INPUT|CS211user17-ulab-31|M2|1632338334|cs211user17|/home/CS211user17/view|ls|OUTPUT
INPUT|CS211user17-ulab-32|U|1632338340|cs211user17|/home/CS211user17/view|cd|OUTPUT
INPUT|CS211user17-ulab-33|M0|1632338344|cs211user17|/home/CS211user17|pwd|OUTPUT
INPUT|CS211user17-ulab-34|M0|1632338380|cs211user17|/home/CS211user17|pwd -a|OUTPUT
INPUT|CS211user17-ulab-35|M1|1632338443|cs211user17|/home/CS211user17|man pwd|OUTPUT
INPUT|CS211user17-ulab-36|M0|1632338445|cs211user17|/home/CS211user17|pwd -lpress h for help or q to quit)|OUTPUT
INPUT|CS211user17-ulab-37|M1|1632338450|cs211user17|/home/CS211user17|man pwd|OUTPUT
INPUT|CS211user17-ulab-38|M0|1632338456|cs211user17|/home/CS211user17|pwd -L|OUTPUT
INPUT|CS211user17-ulab-39|U|1632338485|cs211user17|/home/CS211user17|manflag|OUTPUT
INPUT|CS211user17-ulab-40|M2|1632338512|cs211user17|/home/CS211user17|ls|OUTPUT
INPUT|CS211user17-ulab-41|U|1632338518|cs211user17|/home/CS211user17|cd manipulate|OUTPUT
INPUT|CS211user17-ulab-42|U|1632338666|cs211user17|/home/CS211user17/manipulate|man mv|OUTPUT
INPUT|CS211user17-ulab-43|M9|1632338720|cs211user17|/home/CS211user17/manipulate|mv file1.txt renamed_file1.txt|OUTPUT
INPUT|CS211user17-ulab-44|M2|1632338722|cs211user17|/home/CS211user17/manipulate|ls|OUTPUT
INPUT|CS211user17-ulab-45|M10|1632338743|cs211user17|/home/CS211user17/manipulate|cp file2.txt copied_file2.txt|OUTPUT
INPUT|CS211user17-ulab-46|M2|1632338745|cs211user17|/home/CS211user17/manipulate|ls|OUTPUT
INPUT|CS211user17-ulab-47|U|1632338754|cs211user17|/home/CS211user17/manipulate|manflag|OUTPUT
INPUT|CS211user17-ulab-48|U|1632338776|cs211user17|/home/CS211user17/manipulate|cd|OUTPUT
INPUT|CS211user17-ulab-49|U|1632338782|cs211user17|/home/CS211user17|cd permissions|OUTPUT
INPUT|CS211user17-ulab-50|U|1632338787|cs211user17|/home/CS211user17/permissions|perflag|OUTPUT
INPUT|CS211user17-ulab-51|M2|1632338793|cs211user17|/home/CS211user17/permissions|ls|OUTPUT
INPUT|CS211user17-ulab-52|U|1632338843|cs211user17|/home/CS211user17/permissions|cp perm1.txt copied_perm1.txt|OUTPUT
INPUT|CS211user17-ulab-53|M2|1632338844|cs211user17|/home/CS211user17/permissions|ls|OUTPUT
INPUT|CS211user17-ulab-54|U|1632338869|cs211user17|/home/CS211user17/permissions|man chmod|OUTPUT
INPUT|CS211user17-ulab-55|U|1632338921|cs211user17|/home/CS211user17/permissions|man chmodq to quit)|OUTPUT
INPUT|CS211user17-ulab-56|U|1632338933|cs211user17|/home/CS211user17/permissions|chmod copied+perm1.txt to quit)|OUTPUT
INPUT|CS211user17-ulab-57|U|1632338939|cs211user17|/home/CS211user17/permissions|0m$ chmod copied_perm1.txt|OUTPUT
INPUT|CS211user17-ulab-58|U|1632338946|cs211user17|/home/CS211user17/permissions|0m$ chmod copied_perm1.txt owner|OUTPUT
