INPUT|cs211user27-ulab-0|U|1632337183|cs211user27|/home/CS211user27|cat instructions.txt|OUTPUT
INPUT|CS211user27-ulab-1|U|1632337183|cs211user27|/home/CS211user27|cat task1|OUTPUT
INPUT|CS211user27-ulab-2|M0|1632337193|cs211user27|/home/CS211user27|pwd|OUTPUT
INPUT|CS211user27-ulab-3|U|1632337205|cs211user27|/home/CS211user27|cat task2|OUTPUT
INPUT|CS211user27-ulab-4|M1|1632337228|cs211user27|/home/CS211user27|man pwd|OUTPUT
INPUT|CS211user27-ulab-5|U|1632337232|cs211user27|/home/CS211user27|cat task3r help or q to quit)|OUTPUT
INPUT|CS211user27-ulab-6|M2|1632337281|cs211user27|/home/CS211user27|ls|OUTPUT
INPUT|CS211user27-ulab-7|U|1632337295|cs211user27|/home/CS211user27|cat task4|OUTPUT
INPUT|CS211user27-ulab-8|M3|1632337402|cs211user27|/home/CS211user27|$ man ls|OUTPUT
INPUT|CS211user27-ulab-9|M3|1632337569|cs211user27|/home/CS211user27|man ls for help or q to quit)|OUTPUT
INPUT|CS211user27-ulab-10|M4|1632337573|cs211user27|/home/CS211user27|ls -l (press h for help or q to quit)|OUTPUT
INPUT|CS211user27-ulab-11|U|1632337622|cs211user27|/home/CS211user27|cat task5|OUTPUT
INPUT|CS211user27-ulab-12|M2|1632337631|cs211user27|/home/CS211user27|ls|OUTPUT
INPUT|CS211user27-ulab-13|M4|1632337638|cs211user27|/home/CS211user27|ls -l|OUTPUT
INPUT|CS211user27-ulab-14|U|1632337657|cs211user27|/home/CS211user27|cat task6|OUTPUT
INPUT|CS211user27-ulab-15|U|1632337660|cs211user27|/home/CS211user27|q|OUTPUT
INPUT|CS211user27-ulab-16|U|1632337660|cs211user27|/home/CS211user27||OUTPUT
INPUT|CS211user27-ulab-17|U|1632337667|cs211user27|/home/CS211user27|cat task6|OUTPUT
INPUT|CS211user27-ulab-18|U|1632337684|cs211user27|/home/CS211user27|cat task7|OUTPUT
INPUT|CS211user27-ulab-19|M5|1632337702|cs211user27|/home/CS211user27|cd view|OUTPUT
INPUT|CS211user27-ulab-20|M2|1632337703|cs211user27|/home/CS211user27/view|ls|OUTPUT
INPUT|CS211user27-ulab-21|U|1632337712|cs211user27|/home/CS211user27/view|cat task6|OUTPUT
INPUT|CS211user27-ulab-22|M2|1632337722|cs211user27|/home/CS211user27/view|ls -.|OUTPUT
INPUT|CS211user27-ulab-23|M3|1632337732|cs211user27|/home/CS211user27/view|man ls|OUTPUT
INPUT|CS211user27-ulab-24|M6|1632337735|cs211user27|/home/CS211user27/view|ls -a|OUTPUT
INPUT|CS211user27-ulab-25|M7|1632337763|cs211user27|/home/CS211user27/view|cd ..|OUTPUT
INPUT|CS211user27-ulab-26|M7|1632337765|cs211user27|/home/CS211user27|cd ..|OUTPUT
INPUT|CS211user27-ulab-27|U|1632337790|cs211user27|/home|cat task6|OUTPUT
INPUT|CS211user27-ulab-28|M2|1632337792|cs211user27|/home|ls|OUTPUT
INPUT|CS211user27-ulab-29|U|1632337798|cs211user27|/home|cd /|OUTPUT
INPUT|CS211user27-ulab-30|M2|1632337800|cs211user27|/|ls|OUTPUT
INPUT|CS211user27-ulab-31|U|1632337804|cs211user27|/|cat task6|OUTPUT
INPUT|CS211user27-ulab-32|U|1632337806|cs211user27|/|cat task5|OUTPUT
INPUT|CS211user27-ulab-33|U|1632337833|cs211user27|/|cat task1|OUTPUT
INPUT|CS211user27-ulab-34|M7|1632337850|cs211user27|/|cd ..|OUTPUT
INPUT|CS211user27-ulab-35|M2|1632337852|cs211user27|/|ls|OUTPUT
INPUT|CS211user27-ulab-36|U|1632337856|cs211user27|/|cat task6|OUTPUT
INPUT|CS211user27-ulab-37|U|1632337859|cs211user27|/|cat task5|OUTPUT
INPUT|CS211user27-ulab-38|U|1632337863|cs211user27|/|cat task1|OUTPUT
INPUT|CS211user27-ulab-39|M7|1632337867|cs211user27|/|cd ..|OUTPUT
INPUT|CS211user27-ulab-40|M7|1632337869|cs211user27|/|cd ..|OUTPUT
INPUT|CS211user27-ulab-41|M0|1632337881|cs211user27|/|pwd|OUTPUT
INPUT|CS211user27-ulab-42|M7|1632337901|cs211user27|/|cd ..|OUTPUT
INPUT|CS211user27-ulab-43|M0|1632337903|cs211user27|/|pwd|OUTPUT
INPUT|CS211user27-ulab-44|U|1632337916|cs211user27|/|cat task7|OUTPUT
INPUT|CS211user27-ulab-45|U|1632337946|cs211user27|/|cd /view|OUTPUT
INPUT|CS211user27-ulab-46|M5|1632337950|cs211user27|/|cd view|OUTPUT
INPUT|CS211user27-ulab-47|U|1632337968|cs211user27|/|cd ~/view|OUTPUT
INPUT|CS211user27-ulab-48|U|1632337971|cs211user27|/home/CS211user27/view|cat task7|OUTPUT
INPUT|CS211user27-ulab-49|M7|1632337975|cs211user27|/home/CS211user27/view|cd ..|OUTPUT
INPUT|CS211user27-ulab-50|M0|1632337978|cs211user27|/home/CS211user27|pwd|OUTPUT
INPUT|CS211user27-ulab-51|U|1632337991|cs211user27|/home/CS211user27|cat task8|OUTPUT
INPUT|CS211user27-ulab-52|M8|1632338061|cs211user27|/home/CS211user27|ls -a -l|OUTPUT
INPUT|CS211user27-ulab-53|U|1632338084|cs211user27|/home/CS211user27|cat task9|OUTPUT
INPUT|CS211user27-ulab-54|M9|1632338124|cs211user27|/home/CS211user27|mv file1.txt renamed_file1.txt|OUTPUT
INPUT|CS211user27-ulab-55|M2|1632338128|cs211user27|/home/CS211user27|ls|OUTPUT
INPUT|CS211user27-ulab-56|U|1632338156|cs211user27|/home/CS211user27|man mv|OUTPUT
INPUT|CS211user27-ulab-57|U|1632338177|cs211user27|/home/CS211user27|man mv for help or q to quit)|OUTPUT
INPUT|CS211user27-ulab-58|U|1632338196|cs211user27|/home/CS211user27|manflagelp or q to quit)|OUTPUT
INPUT|CS211user27-ulab-59|M2|1632338203|cs211user27|/home/CS211user27|ls|OUTPUT
INPUT|CS211user27-ulab-60|U|1632338230|cs211user27|/home/CS211user27|cd manipulate|OUTPUT
INPUT|CS211user27-ulab-61|M2|1632338232|cs211user27|/home/CS211user27/manipulate|ls|OUTPUT
INPUT|CS211user27-ulab-62|M9|1632338255|cs211user27|/home/CS211user27/manipulate|mv file1.txt renamed_file1.txt|OUTPUT
INPUT|CS211user27-ulab-63|M2|1632338257|cs211user27|/home/CS211user27/manipulate|ls|OUTPUT
INPUT|CS211user27-ulab-64|M10|1632338289|cs211user27|/home/CS211user27/manipulate|cp file2.txt copied_file2.txt|OUTPUT
INPUT|CS211user27-ulab-65|M2|1632338290|cs211user27|/home/CS211user27/manipulate|ls|OUTPUT
INPUT|CS211user27-ulab-66|U|1632338298|cs211user27|/home/CS211user27/manipulate|manflag|OUTPUT
INPUT|CS211user27-ulab-67|M7|1632338325|cs211user27|/home/CS211user27/manipulate|cd ..|OUTPUT
INPUT|CS211user27-ulab-68|U|1632338332|cs211user27|/home/CS211user27|cat task10|OUTPUT
INPUT|CS211user27-ulab-69|U|1632338338|cs211user27|/home/CS211user27|cd permissions|OUTPUT
INPUT|CS211user27-ulab-70|U|1632338341|cs211user27|/home/CS211user27/permissions|cat tak10|OUTPUT
INPUT|CS211user27-ulab-71|U|1632338344|cs211user27|/home/CS211user27/permissions|cat task10|OUTPUT
INPUT|CS211user27-ulab-72|M2|1632338422|cs211user27|/home/CS211user27/permissions|ls|OUTPUT
INPUT|CS211user27-ulab-73|U|1632338442|cs211user27|/home/CS211user27/permissions|cp perm1.txt copied_perm1.txt|OUTPUT
INPUT|CS211user27-ulab-74|U|1632338459|cs211user27|/home/CS211user27/permissions|man chmod|OUTPUT
INPUT|CS211user27-ulab-75|U|1632338631|cs211user27|/home/CS211user27/permissions|man chmodq to quit)[K|OUTPUT
INPUT|CS211user27-ulab-76|U|1632338647|cs211user27|/home/CS211user27/permissions|chmod copied_perm1.txt|OUTPUT
INPUT|CS211user27-ulab-77|U|1632338653|cs211user27|/home/CS211user27/permissions|0m$ chmod --help|OUTPUT
INPUT|CS211user27-ulab-78|U|1632338688|cs211user27|/home/CS211user27/permissions|cat task10|OUTPUT
INPUT|CS211user27-ulab-79|U|1632338708|cs211user27|/home/CS211user27/permissions|chmod copied_perm1.txt owner|OUTPUT
INPUT|CS211user27-ulab-80|U|1632338724|cs211user27|/home/CS211user27/permissions|0m$ chmod owner copied_perm1.txt read|OUTPUT
INPUT|CS211user27-ulab-81|U|1632338746|cs211user27|/home/CS211user27/permissions|0m$ chmod r+w copied_perm1.txt|OUTPUT
INPUT|CS211user27-ulab-82|U|1632338863|cs211user27|/home/CS211user27/permissions|0m$ chmod o=r+w copied_perm1.txt|OUTPUT
INPUT|CS211user27-ulab-83|U|1632338873|cs211user27|/home/CS211user27/permissions|chmod g=r+w copied_perm1.txt|OUTPUT
INPUT|CS211user27-ulab-84|U|1632338884|cs211user27|/home/CS211user27/permissions|chmod u+np copied_perm1.txt|OUTPUT
INPUT|CS211user27-ulab-85|U|1632338904|cs211user27|/home/CS211user27/permissions|0m$ man chmod|OUTPUT
INPUT|CS211user27-ulab-86|U|1632338915|cs211user27|/home/CS211user27/permissions|chmod u=np copied_perm1.txt|OUTPUT
INPUT|CS211user27-ulab-87|U|1632338922|cs211user27|/home/CS211user27/permissions|0m$ chmod u=perms copied_perm1.txt|OUTPUT
INPUT|CS211user27-ulab-88|U|1632338967|cs211user27|/home/CS211user27/permissions|0m$ chmod u=r-w copied_perm1.txt|OUTPUT
INPUT|CS211user27-ulab-89|U|1632338983|cs211user27|/home/CS211user27/permissions|cp perm2.txt copied_perm2.txt|OUTPUT
INPUT|CS211user27-ulab-90|U|1632339000|cs211user27|/home/CS211user27/permissions|o=r+w+e copied_perm2.txt|OUTPUT
INPUT|CS211user27-ulab-91|U|1632339013|cs211user27|/home/CS211user27/permissions|chmod o +r+w+e copied_perm2.txt|OUTPUT
INPUT|CS211user27-ulab-92|U|1632339030|cs211user27|/home/CS211user27/permissions|0m$ chmod o=r+w+e copied_perm2.txt|OUTPUT
