INPUT|cs211user1-ulab-0|M7|1632268342|cs211user1|/home/CS211user1|cd ..|OUTPUT
INPUT|CS211user1-ulab-1|U|1632268342|cs211user1|/home|cd|OUTPUT
INPUT|CS211user1-ulab-2|U|1632268347|cs211user1|/home/CS211user1|man man|OUTPUT
INPUT|CS211user1-ulab-3|U|1632268356|cs211user1|/home/CS211user1|cd |OUTPUT
INPUT|CS211user1-ulab-4|U|1632268362|cs211user1|/home/CS211user1|cd task|OUTPUT
INPUT|CS211user1-ulab-5|U|1632268362|cs211user1|/home/CS211user1|cd task|OUTPUT
INPUT|CS211user1-ulab-6|U|1632268364|cs211user1|/home/CS211user1|cd task1 |OUTPUT
INPUT|CS211user1-ulab-0|M0|1632336950|cs211user1|/home/CS211user1|pwd|OUTPUT
