INPUT|cs211user20-ulab-0|M0|1632337121|cs211user20|/home/CS211user20|pwd|OUTPUT
INPUT|CS211user20-ulab-1|M1|1632337121|cs211user20|/home/CS211user20|man pwd|OUTPUT
INPUT|CS211user20-ulab-2|M2|1632337143|cs211user20|/home/CS211user20|lsss h for help or q to quit)|OUTPUT
INPUT|CS211user20-ulab-3|M3|1632337292|cs211user20|/home/CS211user20|man ls|OUTPUT
INPUT|CS211user20-ulab-4|M4|1632337292|cs211user20|/home/CS211user20|ls -lND) (press h for help or q to quit)|OUTPUT
INPUT|CS211user20-ulab-5|M5|1632337312|cs211user20|/home/CS211user20|cd view|OUTPUT
INPUT|CS211user20-ulab-6|M2|1632337313|cs211user20|/home/CS211user20/view|ls|OUTPUT
INPUT|CS211user20-ulab-7|M3|1632337509|cs211user20|/home/CS211user20/view|man ls|OUTPUT
INPUT|CS211user20-ulab-8|M6|1632337522|cs211user20|/home/CS211user20/view|ls -ass h for help or q to quit)|OUTPUT
INPUT|CS211user20-ulab-9|M7|1632337560|cs211user20|/home/CS211user20/view|cd ..|OUTPUT
INPUT|CS211user20-ulab-10|M0|1632337563|cs211user20|/home/CS211user20|pwd|OUTPUT
INPUT|CS211user20-ulab-11|M6|1632337583|cs211user20|/home/CS211user20|ls -a|OUTPUT
INPUT|CS211user20-ulab-12|M8|1632337636|cs211user20|/home/CS211user20|ls -a -l|OUTPUT
INPUT|CS211user20-ulab-13|U|1632337675|cs211user20|/home/CS211user20|cd manipulate|OUTPUT
INPUT|CS211user20-ulab-14|M2|1632337679|cs211user20|/home/CS211user20/manipulate|ls|OUTPUT
INPUT|CS211user20-ulab-15|U|1632337745|cs211user20|/home/CS211user20/manipulate|man mv|OUTPUT
INPUT|CS211user20-ulab-16|M9|1632337766|cs211user20|/home/CS211user20/manipulate|mv file1.txt renamed_file1.txt|OUTPUT
INPUT|CS211user20-ulab-17|M2|1632337768|cs211user20|/home/CS211user20/manipulate|ls|OUTPUT
INPUT|CS211user20-ulab-18|M10|1632337785|cs211user20|/home/CS211user20/manipulate|cp file2.txt copied_file2.txt|OUTPUT
INPUT|CS211user20-ulab-19|M2|1632337786|cs211user20|/home/CS211user20/manipulate|ls|OUTPUT
INPUT|CS211user20-ulab-20|U|1632337796|cs211user20|/home/CS211user20/manipulate|manflag|OUTPUT
INPUT|CS211user20-ulab-21|M7|1632337908|cs211user20|/home/CS211user20/manipulate|cd ../permissions|OUTPUT
INPUT|CS211user20-ulab-22|M2|1632337921|cs211user20|/home/CS211user20/permissions|ls|OUTPUT
INPUT|CS211user20-ulab-23|U|1632338018|cs211user20|/home/CS211user20/permissions|cp perm1.txt copied_perm1.txt|OUTPUT
INPUT|CS211user20-ulab-24|M2|1632338019|cs211user20|/home/CS211user20/permissions|ls|OUTPUT
INPUT|CS211user20-ulab-25|U|1632338112|cs211user20|/home/CS211user20/permissions|man chmod|OUTPUT
INPUT|CS211user20-ulab-26|M11|1632338140|cs211user20|/home/CS211user20/permissions|chmod 660 copied_perm1.txt)|OUTPUT
INPUT|CS211user20-ulab-27|U|1632338177|cs211user20|/home/CS211user20/permissions|cp perm2.txt copied_perm2.txt|OUTPUT
INPUT|CS211user20-ulab-28|M12|1632338206|cs211user20|/home/CS211user20/permissions|chmod 764 copied_perm2.txt|OUTPUT
