#INPUT|uniqueID|class|time|uid|cwd|node:input|output (trunc)
INPUT|test2user1-ulab-0|M3 |1632846546|test2user1|/home/test2user1|StartingLine:nmap 10.0.0.8/30|%

Starting Nmap 7.01 ( https://nmap.org ) at 2021-09-28 16:29 UTC
Nmap done: 4 IP addresses (0 hosts up) scanned in 3.12 seconds
test2user1@StartingLine%
INPUT|test2user1-ulab-1|M6 |1632846587|test2user1|/home/test2user1|StartingLine:grep password */*|%
grep: */*: No such file or directory
test2user1@StartingLine%
INPUT|test2user1-ulab-2|U |1632846648|test2user1|/home/test2user1|StartingLine:exit|%
exit%
